slice_file_name,fsID,start,end,salience,fold,classID,class
100032-3-0-0.wav,100032,0.0,0.317551,1,5,3,dog_bark
100652-3-0-0.wav,100652,0.0,4.0,1,2,3,dog_bark
100652-3-0-1.wav,100652,0.5,4.5,1,2,3,dog_bark
100652-3-0-2.wav,100652,1.0,5.0,1,2,3,dog_bark
100652-3-0-3.wav,100652,1.5,5.5,1,2,3,dog_bark
100795-3-0-0.wav,100795,0.19179,4.19179,1,10,3,dog_bark
100795-3-1-0.wav,100795,13.059155,17.059155,1,10,3,dog_bark
100795-3-1-1.wav,100795,13.559155,17.559155,1,10,3,dog_bark
100795-3-1-2.wav,100795,14.059155,18.059155,1,10,3,dog_bark
101281-3-0-0.wav,101281,0.341333,4.341333,2,6,3,dog_bark
101281-3-0-14.wav,101281,7.341333,11.341333,2,6,3,dog_bark
101281-3-0-5.wav,101281,2.841333,6.8413330000000006,2,6,3,dog_bark
101415-3-0-2.wav,101415,1.0,5.0,1,1,3,dog_bark
101415-3-0-3.wav,101415,1.5,5.5,1,1,3,dog_bark
101415-3-0-8.wav,101415,4.0,8.0,1,1,3,dog_bark
101848-9-0-0.wav,101848,0.0,4.0,1,7,9,street_music
101848-9-0-1.wav,101848,0.5,4.5,1,7,9,street_music
101848-9-0-2.wav,101848,1.0,5.0,1,7,9,street_music
101848-9-0-3.wav,101848,1.5,5.5,1,7,9,street_music
101848-9-0-8.wav,101848,4.0,8.0,1,7,9,street_music
101848-9-0-9.wav,101848,4.5,8.5,1,7,9,street_music
102102-3-0-0.wav,102102,1.573952,4.673824,2,4,3,dog_bark
102103-3-0-0.wav,102103,1.97603,2.508892,2,10,3,dog_bark
102103-3-1-0.wav,102103,4.179637,4.568182,2,10,3,dog_bark
102104-3-0-0.wav,102104,2.429279,3.241121,2,2,3,dog_bark
102105-3-0-0.wav,102105,2.041889,6.041888999999999,2,3,3,dog_bark
102106-3-0-0.wav,102106,2.243852,3.884477,2,1,3,dog_bark
102547-3-0-2.wav,102547,1.0,5.0,1,5,3,dog_bark
102547-3-0-7.wav,102547,3.5,7.5,1,5,3,dog_bark
102547-3-0-8.wav,102547,4.0,8.0,1,5,3,dog_bark
102842-3-0-1.wav,102842,0.5,4.5,2,1,3,dog_bark
102842-3-1-0.wav,102842,113.061785,117.061785,2,1,3,dog_bark
102842-3-1-5.wav,102842,115.561785,119.561785,2,1,3,dog_bark
102842-3-1-6.wav,102842,116.061785,120.061785,2,1,3,dog_bark
103076-3-0-0.wav,103076,0.0,2.527184,1,8,3,dog_bark
103076-3-1-0.wav,103076,6.788349,7.756796,1,8,3,dog_bark
103076-3-2-0.wav,103076,10.265534,10.717475,1,8,3,dog_bark
103199-4-0-0.wav,103199,0.0,4.0,1,3,4,drilling
103199-4-0-3.wav,103199,1.5,5.5,1,3,4,drilling
103199-4-0-4.wav,103199,2.0,6.0,1,3,4,drilling
103199-4-0-5.wav,103199,2.5,6.5,1,3,4,drilling
103199-4-0-6.wav,103199,3.0,7.0,1,3,4,drilling
103199-4-1-0.wav,103199,16.097136,17.617205,2,3,4,drilling
103199-4-2-0.wav,103199,17.617205,21.617205,1,3,4,drilling
103199-4-2-1.wav,103199,18.117205,22.117205,1,3,4,drilling
103199-4-2-10.wav,103199,22.617205,26.617205,1,3,4,drilling
103199-4-2-11.wav,103199,23.117205,27.117205,1,3,4,drilling
103199-4-2-2.wav,103199,18.617205,22.617205,1,3,4,drilling
103199-4-2-3.wav,103199,19.117205,23.117205,1,3,4,drilling
103199-4-2-4.wav,103199,19.617205,23.617205,1,3,4,drilling
103199-4-2-5.wav,103199,20.117205,24.117205,1,3,4,drilling
103199-4-2-6.wav,103199,20.617205,24.617205,1,3,4,drilling
103199-4-2-7.wav,103199,21.117205,25.117205,1,3,4,drilling
103199-4-2-8.wav,103199,21.617205,25.617205,1,3,4,drilling
103199-4-2-9.wav,103199,22.117205,26.117205,1,3,4,drilling
103199-4-4-0.wav,103199,46.186699,48.720146,1,3,4,drilling
103199-4-6-0.wav,103199,50.591,51.916188,1,3,4,drilling
103199-4-7-2.wav,103199,52.916188,56.916188,2,3,4,drilling
103357-4-0-0.wav,103357,0.305227,4.305227,1,3,4,drilling
103357-4-0-1.wav,103357,0.805227,4.805227,1,3,4,drilling
104625-4-0-15.wav,104625,13.751409,17.751409,1,7,4,drilling
104625-4-0-21.wav,104625,16.751409,20.751409,1,7,4,drilling
104625-4-0-27.wav,104625,19.751409,23.751409,1,7,4,drilling
104625-4-0-29.wav,104625,20.751409,24.751409,1,7,4,drilling
104625-4-0-3.wav,104625,7.751409,11.751409,1,7,4,drilling
104625-4-0-35.wav,104625,23.751409,27.751409,1,7,4,drilling
104625-4-0-40.wav,104625,26.251409,30.251409,1,7,4,drilling
104625-4-0-41.wav,104625,26.751409,30.751409,1,7,4,drilling
104625-4-0-45.wav,104625,28.751409,32.751408999999995,1,7,4,drilling
104625-4-0-48.wav,104625,30.251409,34.251408999999995,1,7,4,drilling
104625-4-0-51.wav,104625,31.751409,35.751408999999995,1,7,4,drilling
104625-4-0-52.wav,104625,32.251409,36.251409,1,7,4,drilling
104625-4-0-53.wav,104625,32.751409,36.751409,1,7,4,drilling
104625-4-0-55.wav,104625,33.751409,37.751409,1,7,4,drilling
104625-4-0-57.wav,104625,34.751409,38.751409,1,7,4,drilling
104625-4-0-66.wav,104625,39.251409,43.251409,1,7,4,drilling
104625-4-1-20.wav,104625,156.589168,160.589168,1,7,4,drilling
104625-4-1-8.wav,104625,150.589168,154.589168,1,7,4,drilling
104817-4-0-0.wav,104817,0.0,4.0,1,2,4,drilling
104817-4-0-1.wav,104817,0.5,4.5,1,2,4,drilling
104817-4-0-10.wav,104817,5.0,9.0,1,2,4,drilling
104817-4-0-11.wav,104817,5.5,9.5,1,2,4,drilling
104817-4-0-2.wav,104817,1.0,5.0,1,2,4,drilling
104817-4-0-3.wav,104817,1.5,5.5,1,2,4,drilling
104817-4-0-4.wav,104817,2.0,6.0,1,2,4,drilling
104817-4-0-5.wav,104817,2.5,6.5,1,2,4,drilling
104817-4-0-6.wav,104817,3.0,7.0,1,2,4,drilling
104817-4-0-7.wav,104817,3.5,7.5,1,2,4,drilling
104817-4-0-8.wav,104817,4.0,8.0,1,2,4,drilling
104817-4-0-9.wav,104817,4.5,8.5,1,2,4,drilling
105088-3-0-10.wav,105088,5.0,9.0,1,9,3,dog_bark
105088-3-0-11.wav,105088,5.5,9.5,1,9,3,dog_bark
105088-3-0-19.wav,105088,9.5,13.5,1,9,3,dog_bark
105088-3-0-8.wav,105088,4.0,8.0,1,9,3,dog_bark
105319-3-0-22.wav,105319,11.0,15.0,2,6,3,dog_bark
105319-3-0-29.wav,105319,14.5,18.5,2,6,3,dog_bark
105319-3-0-39.wav,105319,19.5,23.5,2,6,3,dog_bark
105425-9-0-1.wav,105425,0.5,4.5,1,5,9,street_music
105425-9-0-10.wav,105425,5.0,9.0,1,5,9,street_music
105425-9-0-12.wav,105425,6.0,10.0,1,5,9,street_music
105425-9-0-13.wav,105425,6.5,10.5,1,5,9,street_music
105425-9-0-14.wav,105425,7.0,11.0,1,5,9,street_music
105425-9-0-23.wav,105425,11.5,15.5,1,5,9,street_music
107190-3-0-0.wav,107190,0.0,0.794875,1,8,3,dog_bark
107653-9-0-12.wav,107653,6.0,10.0,2,4,9,street_music
107653-9-0-14.wav,107653,7.0,11.0,2,4,9,street_music
107653-9-0-18.wav,107653,9.0,13.0,2,4,9,street_music
107653-9-0-3.wav,107653,1.5,5.5,2,4,9,street_music
107653-9-0-5.wav,107653,2.5,6.5,2,4,9,street_music
107653-9-0-7.wav,107653,3.5,7.5,2,4,9,street_music
107842-4-0-0.wav,107842,1.157328,5.157328,1,6,4,drilling
107842-4-0-1.wav,107842,1.657328,5.657328,1,6,4,drilling
107842-4-0-2.wav,107842,2.157328,6.157328,1,6,4,drilling
107842-4-1-0.wav,107842,11.634196,13.385417,1,6,4,drilling
107842-4-2-0.wav,107842,13.811801,17.811801000000003,1,6,4,drilling
107842-4-2-1.wav,107842,14.311801,18.311801000000003,1,6,4,drilling
107842-4-2-2.wav,107842,14.811801,18.811801000000003,1,6,4,drilling
107842-4-2-3.wav,107842,15.311801,19.311801000000003,1,6,4,drilling
107842-4-2-4.wav,107842,15.811801,19.811801000000003,1,6,4,drilling
107842-4-3-0.wav,107842,26.085574,27.89771,1,6,4,drilling
108041-9-0-11.wav,108041,5.5,9.5,1,1,9,street_music
108041-9-0-2.wav,108041,1.0,5.0,1,1,9,street_music
108041-9-0-4.wav,108041,2.0,6.0,1,1,9,street_music
108041-9-0-5.wav,108041,2.5,6.5,1,1,9,street_music
108041-9-0-6.wav,108041,3.0,7.0,1,1,9,street_music
108041-9-0-7.wav,108041,3.5,7.5,1,1,9,street_music
108041-9-0-9.wav,108041,4.5,8.5,1,1,9,street_music
108187-3-2-0.wav,108187,15.751454,16.246588,2,2,3,dog_bark
108187-3-3-0.wav,108187,18.010504,19.093609,2,2,3,dog_bark
108187-3-4-0.wav,108187,24.911435,26.304,2,2,3,dog_bark
108187-3-6-0.wav,108187,31.5648,33.266824,2,2,3,dog_bark
108357-9-0-15.wav,108357,7.5,11.5,1,5,9,street_music
108357-9-0-2.wav,108357,1.0,5.0,1,5,9,street_music
108357-9-0-27.wav,108357,13.5,17.5,1,5,9,street_music
108357-9-0-30.wav,108357,15.0,19.0,1,5,9,street_music
108357-9-0-44.wav,108357,22.0,26.0,1,5,9,street_music
108357-9-0-49.wav,108357,24.5,28.5,1,5,9,street_music
108638-9-0-0.wav,108638,0.0,4.0,1,6,9,street_music
108638-9-0-1.wav,108638,0.5,4.5,1,6,9,street_music
108638-9-0-2.wav,108638,1.0,5.0,1,6,9,street_music
108638-9-0-4.wav,108638,2.0,6.0,1,6,9,street_music
108638-9-0-5.wav,108638,2.5,6.5,1,6,9,street_music
108638-9-0-6.wav,108638,3.0,7.0,1,6,9,street_music
109233-3-0-3.wav,109233,16.952386,20.952386,1,6,3,dog_bark
109233-3-0-4.wav,109233,17.452386,21.452386,1,6,3,dog_bark
109233-3-0-5.wav,109233,17.952386,21.952386,1,6,3,dog_bark
109233-3-0-6.wav,109233,18.452386,22.452386,1,6,3,dog_bark
109263-9-0-34.wav,109263,17.0,21.0,1,5,9,street_music
109263-9-0-39.wav,109263,19.5,23.5,1,5,9,street_music
109263-9-0-54.wav,109263,27.0,31.0,1,5,9,street_music
109263-9-0-61.wav,109263,30.5,34.5,1,5,9,street_music
109263-9-0-78.wav,109263,39.0,43.0,1,5,9,street_music
109711-3-1-0.wav,109711,3.332443,5.69896,1,4,3,dog_bark
109711-3-2-4.wav,109711,14.001624,18.001624,1,4,3,dog_bark
109711-3-2-6.wav,109711,15.001624,19.001624,1,4,3,dog_bark
110134-3-0-0.wav,110134,0.0,1.130113,1,8,3,dog_bark
110371-3-0-1.wav,110371,0.790852,4.790852,1,5,3,dog_bark
110371-3-1-0.wav,110371,15.269745,19.269745,1,5,3,dog_bark
110371-3-1-1.wav,110371,15.769745,19.769745,1,5,3,dog_bark
110389-3-0-0.wav,110389,0.0,0.552041,1,9,3,dog_bark
110688-3-0-11.wav,110688,5.5,9.5,2,8,3,dog_bark
110688-3-0-17.wav,110688,8.5,12.5,2,8,3,dog_bark
110688-3-0-2.wav,110688,1.0,5.0,2,8,3,dog_bark
110688-3-0-32.wav,110688,16.0,20.0,2,8,3,dog_bark
110868-9-0-11.wav,110868,5.5,9.5,1,6,9,street_music
110868-9-0-13.wav,110868,6.5,10.5,1,6,9,street_music
110868-9-0-14.wav,110868,7.0,11.0,1,6,9,street_music
110868-9-0-15.wav,110868,7.5,11.5,1,6,9,street_music
110868-9-0-6.wav,110868,3.0,7.0,1,6,9,street_music
110868-9-0-8.wav,110868,4.0,8.0,1,6,9,street_music
110918-3-0-1.wav,110918,0.5,4.5,1,7,3,dog_bark
110918-3-0-26.wav,110918,13.0,17.0,1,7,3,dog_bark
110918-3-0-40.wav,110918,20.0,24.0,1,7,3,dog_bark
110918-3-0-9.wav,110918,4.5,8.5,1,7,3,dog_bark
112195-3-0-38.wav,112195,19.0,23.0,1,2,3,dog_bark
112195-3-0-48.wav,112195,24.0,28.0,1,2,3,dog_bark
112195-3-0-57.wav,112195,28.5,32.5,1,2,3,dog_bark
112195-3-0-80.wav,112195,40.0,44.0,1,2,3,dog_bark
113601-9-0-22.wav,113601,36.248352,40.248352,2,5,9,street_music
113601-9-0-3.wav,113601,26.748352,30.748352,2,5,9,street_music
113601-9-0-33.wav,113601,41.748352,45.748352,2,5,9,street_music
113601-9-0-34.wav,113601,42.248352,46.248352,2,5,9,street_music
113601-9-0-35.wav,113601,42.748352,46.748352,2,5,9,street_music
113601-9-0-42.wav,113601,46.248352,50.248352,2,5,9,street_music
113785-3-0-0.wav,113785,0.259572,0.703092,1,2,3,dog_bark
113785-3-1-0.wav,113785,0.991278,1.592177,1,2,3,dog_bark
114280-3-0-0.wav,114280,0.0,4.0,1,8,3,dog_bark
114280-3-0-1.wav,114280,0.5,4.5,1,8,3,dog_bark
114587-3-0-2.wav,114587,2.467612,6.467612,1,1,3,dog_bark
114587-3-0-4.wav,114587,3.467612,7.467612,1,1,3,dog_bark
114587-3-0-5.wav,114587,3.967612,7.967612,1,1,3,dog_bark
114587-3-0-7.wav,114587,4.967612,8.967611999999999,1,1,3,dog_bark
115239-9-0-0.wav,115239,0.0,4.0,1,5,9,street_music
115239-9-0-1.wav,115239,0.5,4.5,1,5,9,street_music
115239-9-0-2.wav,115239,1.0,5.0,1,5,9,street_music
115239-9-0-3.wav,115239,1.5,5.5,1,5,9,street_music
115239-9-0-4.wav,115239,2.0,6.0,1,5,9,street_music
115239-9-0-5.wav,115239,2.5,6.5,1,5,9,street_music
115240-9-0-1.wav,115240,5.828996,9.828996,1,8,9,street_music
115240-9-0-16.wav,115240,13.328996,17.328996,1,8,9,street_music
115240-9-0-28.wav,115240,19.328996,23.328996,1,8,9,street_music
115240-9-0-34.wav,115240,22.328996,26.328996,1,8,9,street_music
115240-9-0-36.wav,115240,23.328996,27.328996,1,8,9,street_music
115240-9-0-4.wav,115240,7.328996,11.328996,1,8,9,street_music
115241-9-0-1.wav,115241,0.5,4.5,1,10,9,street_music
115241-9-0-14.wav,115241,7.0,11.0,1,10,9,street_music
115241-9-0-2.wav,115241,1.0,5.0,1,10,9,street_music
115241-9-0-20.wav,115241,10.0,14.0,1,10,9,street_music
115241-9-0-6.wav,115241,3.0,7.0,1,10,9,street_music
115241-9-0-8.wav,115241,4.0,8.0,1,10,9,street_music
115241-9-0-9.wav,115241,4.5,8.5,1,10,9,street_music
115242-9-0-14.wav,115242,7.0,11.0,1,7,9,street_music
115242-9-0-44.wav,115242,22.0,26.0,1,7,9,street_music
115242-9-0-55.wav,115242,27.5,31.5,1,7,9,street_music
115242-9-0-68.wav,115242,34.0,38.0,1,7,9,street_music
115242-9-0-70.wav,115242,35.0,39.0,1,7,9,street_music
115242-9-0-83.wav,115242,41.5,45.5,1,7,9,street_music
115243-9-0-0.wav,115243,0.0,4.0,1,6,9,street_music
115243-9-0-16.wav,115243,8.0,12.0,1,6,9,street_music
115243-9-0-4.wav,115243,2.0,6.0,1,6,9,street_music
115243-9-0-46.wav,115243,23.0,27.0,1,6,9,street_music
115243-9-0-81.wav,115243,40.5,44.5,1,6,9,street_music
115243-9-0-94.wav,115243,47.0,51.0,1,6,9,street_music
115411-3-0-0.wav,115411,4.352579,5.374102,2,7,3,dog_bark
115411-3-2-0.wav,115411,15.322853,18.9426,2,7,3,dog_bark
115411-3-3-0.wav,115411,23.161936,27.161936,2,7,3,dog_bark
115415-9-0-0.wav,115415,0.599702,4.599702,2,4,9,street_music
115415-9-0-1.wav,115415,1.099702,5.099702,2,4,9,street_music
115415-9-0-4.wav,115415,2.599702,6.599702,2,4,9,street_music
115415-9-0-5.wav,115415,3.099702,7.099702,2,4,9,street_music
115415-9-0-6.wav,115415,3.599702,7.599702,2,4,9,street_music
115415-9-0-7.wav,115415,4.099702,8.099702,2,4,9,street_music
115418-9-0-11.wav,115418,5.5,9.5,1,10,9,street_music
115418-9-0-12.wav,115418,6.0,10.0,1,10,9,street_music
115418-9-0-15.wav,115418,7.5,11.5,1,10,9,street_music
115418-9-0-20.wav,115418,10.0,14.0,1,10,9,street_music
115418-9-0-29.wav,115418,14.5,18.5,1,10,9,street_music
115418-9-0-6.wav,115418,3.0,7.0,1,10,9,street_music
115535-3-0-0.wav,115535,0.0,0.490667,1,4,3,dog_bark
115536-3-0-0.wav,115536,0.0,2.964396,1,3,3,dog_bark
115537-3-0-0.wav,115537,1.665407,2.340997,1,2,3,dog_bark
116163-3-0-0.wav,116163,0.764195,1.036249,2,5,3,dog_bark
116163-3-1-0.wav,116163,1.351097,1.757649,2,5,3,dog_bark
116163-3-2-0.wav,116163,2.139747,3.258529,1,5,3,dog_bark
116400-3-0-2.wav,116400,1.0,5.0,1,3,3,dog_bark
116400-3-1-0.wav,116400,12.269801,16.269801,1,3,3,dog_bark
116400-3-1-1.wav,116400,12.769801,16.769801,1,3,3,dog_bark
116400-3-1-2.wav,116400,13.269801,17.269801,1,3,3,dog_bark
116483-3-0-1.wav,116483,0.5,4.5,1,9,3,dog_bark
116483-3-0-2.wav,116483,1.0,5.0,1,9,3,dog_bark
116483-3-1-0.wav,116483,17.555333,21.555333,1,9,3,dog_bark
116483-3-1-2.wav,116483,18.555333,22.555333,1,9,3,dog_bark
116484-3-0-12.wav,116484,6.0,10.0,1,4,3,dog_bark
116484-3-0-16.wav,116484,8.0,12.0,1,4,3,dog_bark
116484-3-0-6.wav,116484,3.0,7.0,1,4,3,dog_bark
116484-3-0-8.wav,116484,4.0,8.0,1,4,3,dog_bark
116485-3-0-4.wav,116485,2.0,6.0,1,7,3,dog_bark
116485-3-0-6.wav,116485,3.0,7.0,1,7,3,dog_bark
116485-3-2-0.wav,116485,27.595083,31.595083,1,7,3,dog_bark
116485-3-2-4.wav,116485,29.595083,33.595083,1,7,3,dog_bark
117048-3-0-17.wav,117048,8.5,12.5,1,3,3,dog_bark
117048-3-0-23.wav,117048,11.5,15.5,1,3,3,dog_bark
117048-3-0-25.wav,117048,12.5,16.5,1,3,3,dog_bark
117048-3-0-35.wav,117048,17.5,21.5,1,3,3,dog_bark
117072-3-0-11.wav,117072,6.828188,10.828188,1,3,3,dog_bark
117072-3-0-14.wav,117072,8.328188,12.328188,1,3,3,dog_bark
117072-3-0-19.wav,117072,10.828188,14.828188,1,3,3,dog_bark
117072-3-0-8.wav,117072,5.328188,9.328188,1,3,3,dog_bark
11722-3-0-0.wav,11722,0.087343,1.345883,1,10,3,dog_bark
11722-3-1-0.wav,11722,2.02081,2.459512,1,10,3,dog_bark
117271-3-0-0.wav,117271,0.0,4.0,1,6,3,dog_bark
117271-3-0-1.wav,117271,0.5,4.5,1,6,3,dog_bark
117271-3-0-2.wav,117271,1.0,5.0,1,6,3,dog_bark
117271-3-0-3.wav,117271,1.5,5.5,1,6,3,dog_bark
117889-9-0-12.wav,117889,7.96625,11.96625,2,10,9,street_music
117889-9-0-20.wav,117889,11.96625,15.96625,2,10,9,street_music
117889-9-0-30.wav,117889,16.96625,20.96625,2,10,9,street_music
117889-9-0-36.wav,117889,19.96625,23.96625,2,10,9,street_music
117889-9-0-39.wav,117889,21.46625,25.46625,2,10,9,street_music
117889-9-0-40.wav,117889,21.96625,25.96625,2,10,9,street_music
118072-3-0-0.wav,118072,0.0,1.066667,1,6,3,dog_bark
118101-3-0-0.wav,118101,1.042871,5.042871,1,1,3,dog_bark
118101-3-0-3.wav,118101,2.542871,6.542871,1,1,3,dog_bark
118101-3-0-4.wav,118101,3.042871,7.042871,1,1,3,dog_bark
118101-3-0-6.wav,118101,4.042871,8.042871,1,1,3,dog_bark
118278-4-0-0.wav,118278,0.0,4.0,2,10,4,drilling
118278-4-0-1.wav,118278,0.5,4.5,2,10,4,drilling
118278-4-0-10.wav,118278,5.0,9.0,2,10,4,drilling
118278-4-0-11.wav,118278,5.5,9.5,2,10,4,drilling
118278-4-0-12.wav,118278,6.0,10.0,2,10,4,drilling
118278-4-0-13.wav,118278,6.5,10.5,2,10,4,drilling
118278-4-0-2.wav,118278,1.0,5.0,2,10,4,drilling
118278-4-0-3.wav,118278,1.5,5.5,2,10,4,drilling
118278-4-0-4.wav,118278,2.0,6.0,2,10,4,drilling
118278-4-0-5.wav,118278,2.5,6.5,2,10,4,drilling
118278-4-0-6.wav,118278,3.0,7.0,2,10,4,drilling
118278-4-0-7.wav,118278,3.5,7.5,2,10,4,drilling
118278-4-0-8.wav,118278,4.0,8.0,2,10,4,drilling
118278-4-0-9.wav,118278,4.5,8.5,2,10,4,drilling
118440-4-0-0.wav,118440,0.187868,0.810181,1,5,4,drilling
118440-4-1-0.wav,118440,0.909986,1.726039,1,5,4,drilling
118440-4-2-0.wav,118440,2.07242,2.853247,1,5,4,drilling
118440-4-3-0.wav,118440,3.099824,4.039165,1,5,4,drilling
118440-4-4-0.wav,118440,4.591028,5.565594,1,5,4,drilling
118440-4-5-0.wav,118440,5.8063,6.622352,1,5,4,drilling
118440-4-6-0.wav,118440,7.115506,7.949171,1,5,4,drilling
118440-4-7-0.wav,118440,8.195748,8.61258,1,5,4,drilling
118440-4-8-0.wav,118440,8.794578,9.270119,1,5,4,drilling
118587-3-0-2.wav,118587,1.0,5.0,1,7,3,dog_bark
118587-3-0-21.wav,118587,10.5,14.5,1,7,3,dog_bark
118587-3-0-6.wav,118587,3.0,7.0,1,7,3,dog_bark
118723-4-0-0.wav,118723,0.0,2.653802,1,2,4,drilling
118961-3-0-0.wav,118961,0.0,0.770312,1,3,3,dog_bark
118962-3-0-0.wav,118962,0.0,2.129854,1,2,3,dog_bark
118963-3-0-0.wav,118963,0.0,0.519479,1,1,3,dog_bark
118964-3-0-0.wav,118964,0.0,1.103896,1,4,3,dog_bark
119420-3-0-0.wav,119420,0.182207,3.17482,1,9,3,dog_bark
119420-3-1-0.wav,119420,4.919591,6.752704,1,9,3,dog_bark
121888-3-0-0.wav,121888,0.0,0.749977,1,4,3,dog_bark
122199-3-1-1.wav,122199,15.147059,19.147059,2,8,3,dog_bark
122199-3-1-2.wav,122199,15.647059,19.647059,2,8,3,dog_bark
122199-3-1-3.wav,122199,16.147059,20.147059,2,8,3,dog_bark
122199-3-1-6.wav,122199,17.647059,21.647059,2,8,3,dog_bark
122738-9-0-11.wav,122738,6.121431,10.121431,2,6,9,street_music
122738-9-0-12.wav,122738,6.621431,10.621431,2,6,9,street_music
122738-9-0-2.wav,122738,1.6214309999999998,5.621430999999999,2,6,9,street_music
122738-9-0-3.wav,122738,2.121431,6.121430999999999,2,6,9,street_music
122738-9-0-5.wav,122738,3.121431,7.121430999999999,2,6,9,street_music
122738-9-0-9.wav,122738,5.121431,9.121431,2,6,9,street_music
124489-9-0-12.wav,124489,6.0,10.0,1,1,9,street_music
124489-9-0-14.wav,124489,7.0,11.0,1,1,9,street_music
124489-9-0-16.wav,124489,8.0,12.0,1,1,9,street_music
124489-9-0-17.wav,124489,8.5,12.5,1,1,9,street_music
124489-9-0-18.wav,124489,9.0,13.0,1,1,9,street_music
124489-9-0-6.wav,124489,3.0,7.0,1,1,9,street_music
125523-3-0-1.wav,125523,0.5,4.5,1,3,3,dog_bark
125523-3-0-11.wav,125523,5.5,9.5,1,3,3,dog_bark
125523-3-0-3.wav,125523,1.5,5.5,1,3,3,dog_bark
125554-3-0-0.wav,125554,0.572068,2.220842,1,6,3,dog_bark
125574-3-0-0.wav,125574,0.0,1.45068,1,6,3,dog_bark
125791-3-0-12.wav,125791,6.0,10.0,1,1,3,dog_bark
125791-3-0-13.wav,125791,6.5,10.5,1,1,3,dog_bark
125791-3-0-15.wav,125791,7.5,11.5,1,1,3,dog_bark
125791-3-0-9.wav,125791,4.5,8.5,1,1,3,dog_bark
126153-9-0-0.wav,126153,0.669803,4.669803,1,8,9,street_music
126153-9-0-1.wav,126153,1.169803,5.169803,1,8,9,street_music
126153-9-0-11.wav,126153,6.169803,10.169803,1,8,9,street_music
126153-9-0-4.wav,126153,2.669803,6.669803,1,8,9,street_music
126153-9-0-5.wav,126153,3.169803,7.169803,1,8,9,street_music
126153-9-0-6.wav,126153,3.669803,7.669803,1,8,9,street_music
126153-9-0-8.wav,126153,4.669803,8.669803,1,8,9,street_music
12647-3-0-0.wav,12647,0.712115,1.443739,1,3,3,dog_bark
12647-3-1-0.wav,12647,1.902224,3.102089,1,3,3,dog_bark
12647-3-2-0.wav,12647,5.238432,6.438297,1,3,3,dog_bark
12647-3-3-0.wav,12647,6.682172,10.682172,1,3,3,dog_bark
126521-3-0-12.wav,126521,8.321995,12.321995,2,5,3,dog_bark
126521-3-0-17.wav,126521,10.821995,14.821995,2,5,3,dog_bark
126521-3-0-18.wav,126521,11.321995,15.321995,2,5,3,dog_bark
126521-3-0-2.wav,126521,3.321995,7.321994999999999,2,5,3,dog_bark
127443-4-0-0.wav,127443,115.015008,119.015008,1,7,4,drilling
127443-4-0-1.wav,127443,115.515008,119.515008,1,7,4,drilling
127443-4-0-10.wav,127443,120.015008,124.015008,1,7,4,drilling
127443-4-0-11.wav,127443,120.515008,124.515008,1,7,4,drilling
127443-4-0-12.wav,127443,121.015008,125.015008,1,7,4,drilling
127443-4-0-2.wav,127443,116.015008,120.015008,1,7,4,drilling
127443-4-0-3.wav,127443,116.515008,120.515008,1,7,4,drilling
127443-4-0-4.wav,127443,117.015008,121.015008,1,7,4,drilling
127443-4-0-5.wav,127443,117.515008,121.515008,1,7,4,drilling
127443-4-0-6.wav,127443,118.015008,122.015008,1,7,4,drilling
127443-4-0-7.wav,127443,118.515008,122.515008,1,7,4,drilling
127443-4-0-8.wav,127443,119.015008,123.015008,1,7,4,drilling
127443-4-0-9.wav,127443,119.515008,123.515008,1,7,4,drilling
127538-4-0-0.wav,127538,0.258434,4.258434,1,9,4,drilling
127538-4-1-0.wav,127538,6.434112,10.434112,1,9,4,drilling
127538-4-2-0.wav,127538,10.711639,14.711639,1,9,4,drilling
128030-3-0-0.wav,128030,0.672951,1.359227,1,3,3,dog_bark
128030-3-1-0.wav,128030,3.851144,4.430814,1,3,3,dog_bark
128030-3-2-0.wav,128030,6.562935,7.08264,1,3,3,dog_bark
128152-9-0-10.wav,128152,5.0,9.0,1,5,9,street_music
128152-9-0-126.wav,128152,63.0,67.0,1,5,9,street_music
128152-9-0-167.wav,128152,83.5,87.5,1,5,9,street_music
128152-9-0-48.wav,128152,24.0,28.0,1,5,9,street_music
128152-9-0-49.wav,128152,24.5,28.5,1,5,9,street_music
128152-9-0-67.wav,128152,33.5,37.5,1,5,9,street_music
128240-3-0-1.wav,128240,0.5,4.5,1,10,3,dog_bark
128240-3-0-20.wav,128240,10.0,14.0,1,10,3,dog_bark
128240-3-0-39.wav,128240,19.5,23.5,1,10,3,dog_bark
128240-3-0-42.wav,128240,21.0,25.0,1,10,3,dog_bark
128470-3-0-0.wav,128470,1.711988,5.711988,1,10,3,dog_bark
128470-3-0-1.wav,128470,2.211988,6.211988,1,10,3,dog_bark
128470-3-0-5.wav,128470,4.211988,8.211988,1,10,3,dog_bark
128470-3-0-8.wav,128470,5.711988,9.711988,1,10,3,dog_bark
128607-4-0-0.wav,128607,0.181139,4.181139,1,4,4,drilling
128607-4-0-1.wav,128607,0.6811389999999999,4.681139,1,4,4,drilling
128607-4-0-2.wav,128607,1.181139,5.181139,1,4,4,drilling
128607-4-0-3.wav,128607,1.681139,5.681139,1,4,4,drilling
128607-4-0-4.wav,128607,2.181139,6.181139,1,4,4,drilling
128607-4-1-0.wav,128607,13.473967,17.473967000000002,1,4,4,drilling
128607-4-1-1.wav,128607,13.973967,17.973967000000002,1,4,4,drilling
128607-4-1-2.wav,128607,14.473967,18.473967,1,4,4,drilling
128607-4-1-3.wav,128607,14.973967,18.973967,1,4,4,drilling
128891-3-0-2.wav,128891,1.0,5.0,1,6,3,dog_bark
128891-3-0-4.wav,128891,2.0,6.0,1,6,3,dog_bark
128891-3-0-5.wav,128891,2.5,6.5,1,6,3,dog_bark
130030-3-0-0.wav,130030,0.0,2.594667,1,1,3,dog_bark
130961-4-0-0.wav,130961,13.639708,16.690696,2,7,4,drilling
130961-4-1-1.wav,130961,131.512989,135.512989,1,7,4,drilling
130961-4-1-2.wav,130961,132.012989,136.012989,1,7,4,drilling
130961-4-1-3.wav,130961,132.512989,136.512989,1,7,4,drilling
130961-4-1-4.wav,130961,133.012989,137.012989,1,7,4,drilling
130961-4-2-1.wav,130961,205.813507,209.813507,1,7,4,drilling
130961-4-2-2.wav,130961,206.313507,210.313507,1,7,4,drilling
130961-4-3-0.wav,130961,253.231956,257.231956,1,7,4,drilling
130961-4-3-1.wav,130961,253.731956,257.731956,1,7,4,drilling
130961-4-3-2.wav,130961,254.231956,258.231956,1,7,4,drilling
130961-4-4-0.wav,130961,263.820677,267.820677,1,7,4,drilling
130961-4-5-0.wav,130961,301.688815,305.688815,1,7,4,drilling
130961-4-5-1.wav,130961,302.188815,306.188815,1,7,4,drilling
130961-4-5-2.wav,130961,302.688815,306.688815,1,7,4,drilling
130961-4-5-3.wav,130961,303.188815,307.188815,1,7,4,drilling
130961-4-5-4.wav,130961,303.688815,307.688815,1,7,4,drilling
130961-4-5-5.wav,130961,304.188815,308.188815,1,7,4,drilling
131199-3-0-0.wav,131199,0.696078,0.990196,1,5,3,dog_bark
131428-9-0-3.wav,131428,1.5,5.5,1,4,9,street_music
131428-9-0-5.wav,131428,2.5,6.5,1,4,9,street_music
131428-9-1-0.wav,131428,69.467351,73.467351,1,4,9,street_music
131428-9-1-19.wav,131428,78.967351,82.967351,1,4,9,street_music
131428-9-1-8.wav,131428,73.467351,77.467351,1,4,9,street_music
131428-9-1-9.wav,131428,73.967351,77.967351,1,4,9,street_music
132016-9-0-0.wav,132016,46.661108,50.661108,2,1,9,street_music
132016-9-0-11.wav,132016,52.161108,56.161108,2,1,9,street_music
132016-9-0-14.wav,132016,53.661108,57.661108,2,1,9,street_music
132016-9-0-16.wav,132016,54.661108,58.661108,2,1,9,street_music
132016-9-0-20.wav,132016,56.661108,60.661108,2,1,9,street_music
132016-9-0-6.wav,132016,49.661108,53.661108,2,1,9,street_music
132108-9-0-12.wav,132108,6.0,10.0,2,4,9,street_music
132108-9-0-21.wav,132108,10.5,14.5,2,4,9,street_music
132108-9-1-1.wav,132108,59.114335,63.114335,2,4,9,street_music
132108-9-1-24.wav,132108,70.614335,74.614335,2,4,9,street_music
132108-9-1-26.wav,132108,71.614335,75.614335,2,4,9,street_music
132108-9-1-27.wav,132108,72.114335,76.114335,2,4,9,street_music
132162-9-1-3.wav,132162,143.699868,147.699868,2,6,9,street_music
132162-9-1-58.wav,132162,171.199868,175.199868,2,6,9,street_music
132162-9-1-63.wav,132162,173.699868,177.699868,2,6,9,street_music
132162-9-1-67.wav,132162,175.699868,179.699868,2,6,9,street_music
132162-9-1-68.wav,132162,176.199868,180.199868,2,6,9,street_music
132162-9-1-73.wav,132162,178.699868,182.699868,2,6,9,street_music
13577-3-0-0.wav,13577,2.313777,6.313777,2,5,3,dog_bark
13577-3-0-2.wav,13577,3.313777,7.313777,2,5,3,dog_bark
13577-3-5-0.wav,13577,54.781414,58.781414,2,5,3,dog_bark
135849-4-0-0.wav,135849,0.016276,0.935854,1,7,4,drilling
136558-9-0-1.wav,136558,0.5,4.5,1,10,9,street_music
136558-9-0-2.wav,136558,1.0,5.0,1,10,9,street_music
136558-9-1-10.wav,136558,39.271982,43.271982,1,10,9,street_music
136558-9-1-21.wav,136558,44.771982,48.771982,1,10,9,street_music
136558-9-1-26.wav,136558,47.271982,51.271982,1,10,9,street_music
136558-9-1-39.wav,136558,53.771982,57.771982,1,10,9,street_music
137156-9-0-28.wav,137156,14.0,18.0,1,1,9,street_music
137156-9-0-30.wav,137156,15.0,19.0,1,1,9,street_music
137156-9-0-31.wav,137156,15.5,19.5,1,1,9,street_music
137156-9-0-5.wav,137156,2.5,6.5,1,1,9,street_music
137156-9-0-73.wav,137156,36.5,40.5,1,1,9,street_music
137156-9-0-79.wav,137156,39.5,43.5,1,1,9,street_music
137803-3-0-0.wav,137803,0.0,4.0,1,9,3,dog_bark
137803-3-0-1.wav,137803,0.5,4.5,1,9,3,dog_bark
137803-3-0-2.wav,137803,1.0,5.0,1,9,3,dog_bark
137815-4-0-0.wav,137815,0.206472,4.206472,1,9,4,drilling
137815-4-0-1.wav,137815,0.706472,4.706472,1,9,4,drilling
137815-4-0-10.wav,137815,5.206472,9.206472,1,9,4,drilling
137815-4-0-2.wav,137815,1.206472,5.206472,1,9,4,drilling
137815-4-0-3.wav,137815,1.706472,5.706472,1,9,4,drilling
137815-4-0-4.wav,137815,2.206472,6.206472,1,9,4,drilling
137815-4-0-5.wav,137815,2.706472,6.706472,1,9,4,drilling
137815-4-0-6.wav,137815,3.206472,7.206472,1,9,4,drilling
137815-4-0-7.wav,137815,3.706472,7.706472,1,9,4,drilling
137815-4-0-8.wav,137815,4.206472,8.206472,1,9,4,drilling
137815-4-0-9.wav,137815,4.706472,8.706472,1,9,4,drilling
138015-3-0-1.wav,138015,0.5,4.5,1,1,3,dog_bark
138015-3-0-5.wav,138015,2.5,6.5,1,1,3,dog_bark
138015-3-0-7.wav,138015,3.5,7.5,1,1,3,dog_bark
138017-9-0-2.wav,138017,1.0,5.0,1,10,9,street_music
138017-9-0-9.wav,138017,4.5,8.5,1,10,9,street_music
138017-9-1-10.wav,138017,28.393576,32.393576,2,10,9,street_music
138017-9-1-16.wav,138017,31.393576,35.393576,2,10,9,street_music
138017-9-1-4.wav,138017,25.393576,29.393576,2,10,9,street_music
138017-9-1-6.wav,138017,26.393576,30.393576,2,10,9,street_music
138473-9-0-12.wav,138473,7.523034,11.523034,2,3,9,street_music
138473-9-0-29.wav,138473,16.023034,20.023034,2,3,9,street_music
138473-9-0-35.wav,138473,19.023034,23.023034,2,3,9,street_music
138473-9-0-38.wav,138473,20.523034,24.523034,2,3,9,street_music
138473-9-0-5.wav,138473,4.023034,8.023033999999999,2,3,9,street_music
138473-9-0-6.wav,138473,4.523034,8.523033999999999,2,3,9,street_music
139000-4-0-0.wav,139000,0.0,4.0,1,8,4,drilling
139000-4-0-1.wav,139000,0.5,4.5,1,8,4,drilling
139000-4-0-2.wav,139000,1.0,5.0,1,8,4,drilling
139665-9-0-19.wav,139665,9.5,13.5,2,5,9,street_music
139665-9-0-23.wav,139665,11.5,15.5,2,5,9,street_music
139665-9-0-25.wav,139665,12.5,16.5,2,5,9,street_music
139665-9-0-32.wav,139665,16.0,20.0,2,5,9,street_music
139665-9-0-8.wav,139665,4.0,8.0,2,5,9,street_music
139665-9-0-9.wav,139665,4.5,8.5,2,5,9,street_music
139948-3-0-0.wav,139948,1.066204,4.182799,2,5,3,dog_bark
139948-3-1-0.wav,139948,5.946136,8.939708,2,5,3,dog_bark
139948-3-2-0.wav,139948,13.081499,14.39375,2,5,3,dog_bark
139948-3-4-0.wav,139948,28.131374,29.361609,2,5,3,dog_bark
139951-9-0-13.wav,139951,6.5,10.5,1,1,9,street_music
139951-9-0-17.wav,139951,8.5,12.5,1,1,9,street_music
139951-9-0-29.wav,139951,14.5,18.5,1,1,9,street_music
139951-9-0-33.wav,139951,16.5,20.5,1,1,9,street_music
139951-9-0-45.wav,139951,22.5,26.5,1,1,9,street_music
139951-9-0-9.wav,139951,4.5,8.5,1,1,9,street_music
140824-4-0-0.wav,140824,0.0,1.150114,1,4,4,drilling
14110-4-0-0.wav,14110,0.0,4.0,1,4,4,drilling
14110-4-0-1.wav,14110,0.5,4.5,1,4,4,drilling
14110-4-0-2.wav,14110,1.0,5.0,1,4,4,drilling
14111-4-0-0.wav,14111,0.08911,4.08911,1,9,4,drilling
14111-4-0-1.wav,14111,0.58911,4.58911,1,9,4,drilling
14111-4-0-2.wav,14111,1.08911,5.08911,1,9,4,drilling
14111-4-0-3.wav,14111,1.58911,5.58911,1,9,4,drilling
14111-4-0-4.wav,14111,2.08911,6.08911,1,9,4,drilling
14111-4-0-5.wav,14111,2.58911,6.58911,1,9,4,drilling
14111-4-0-6.wav,14111,3.08911,7.08911,1,9,4,drilling
14111-4-0-7.wav,14111,3.58911,7.58911,1,9,4,drilling
14113-4-0-0.wav,14113,0.0,4.0,1,1,4,drilling
14113-4-0-1.wav,14113,0.5,4.5,1,1,4,drilling
14114-4-0-0.wav,14114,0.0,4.0,1,6,4,drilling
14114-4-0-1.wav,14114,0.5,4.5,1,6,4,drilling
14114-4-0-2.wav,14114,1.0,5.0,1,6,4,drilling
14114-4-0-3.wav,14114,1.5,5.5,1,6,4,drilling
14115-4-0-0.wav,14115,0.0,2.133471,1,3,4,drilling
142641-3-0-0.wav,142641,1.779107,2.162404,1,10,3,dog_bark
14358-3-0-26.wav,14358,13.0,17.0,2,6,3,dog_bark
14358-3-0-7.wav,14358,3.5,7.5,2,6,3,dog_bark
14358-3-0-85.wav,14358,42.5,46.5,2,6,3,dog_bark
14358-3-0-90.wav,14358,45.0,49.0,2,6,3,dog_bark
14385-9-0-10.wav,14385,5.0,9.0,1,9,9,street_music
14385-9-0-11.wav,14385,5.5,9.5,1,9,9,street_music
14385-9-0-13.wav,14385,6.5,10.5,1,9,9,street_music
14385-9-0-14.wav,14385,7.0,11.0,1,9,9,street_music
14385-9-0-17.wav,14385,8.5,12.5,1,9,9,street_music
14385-9-0-21.wav,14385,10.5,14.5,1,9,9,street_music
14386-9-0-11.wav,14386,5.5,9.5,1,8,9,street_music
14386-9-0-16.wav,14386,8.0,12.0,1,8,9,street_music
14386-9-0-17.wav,14386,8.5,12.5,1,8,9,street_music
14386-9-0-2.wav,14386,1.0,5.0,1,8,9,street_music
14386-9-0-20.wav,14386,10.0,14.0,1,8,9,street_music
14386-9-0-6.wav,14386,3.0,7.0,1,8,9,street_music
14387-9-0-11.wav,14387,5.5,9.5,1,2,9,street_music
14387-9-0-12.wav,14387,6.0,10.0,1,2,9,street_music
14387-9-0-15.wav,14387,7.5,11.5,1,2,9,street_music
14387-9-0-16.wav,14387,8.0,12.0,1,2,9,street_music
14387-9-0-19.wav,14387,9.5,13.5,1,2,9,street_music
14387-9-0-7.wav,14387,3.5,7.5,1,2,9,street_music
144028-3-0-0.wav,144028,0.0,1.799509,1,8,3,dog_bark
144028-3-1-0.wav,144028,4.918658,8.918658,1,8,3,dog_bark
144028-3-1-1.wav,144028,5.418658,9.418658,1,8,3,dog_bark
144351-4-0-0.wav,144351,0.802028,4.802028,1,4,4,drilling
144351-4-0-1.wav,144351,1.302028,5.302028,1,4,4,drilling
144351-4-0-2.wav,144351,1.802028,5.802028,1,4,4,drilling
144351-4-1-1.wav,144351,11.095206,15.095206,1,4,4,drilling
144351-4-2-0.wav,144351,18.995389,22.995389,1,4,4,drilling
144351-4-2-2.wav,144351,19.995389,23.995389,1,4,4,drilling
144351-4-2-4.wav,144351,20.995389,24.995389,1,4,4,drilling
144351-4-2-5.wav,144351,21.495389,25.495389,1,4,4,drilling
144351-4-2-6.wav,144351,21.995389,25.995389,1,4,4,drilling
144351-4-3-1.wav,144351,39.419441,43.419441,1,4,4,drilling
144351-4-3-10.wav,144351,43.919441,47.919441,1,4,4,drilling
144351-4-3-11.wav,144351,44.419441,48.419441,1,4,4,drilling
144351-4-3-12.wav,144351,44.919441,48.919441,1,4,4,drilling
144351-4-3-14.wav,144351,45.919441,49.919441,1,4,4,drilling
144351-4-3-15.wav,144351,46.419441,50.419441,1,4,4,drilling
144351-4-3-2.wav,144351,39.919441,43.919441,1,4,4,drilling
144351-4-3-3.wav,144351,40.419441,44.419441,1,4,4,drilling
144351-4-3-4.wav,144351,40.919441,44.919441,1,4,4,drilling
144351-4-3-5.wav,144351,41.419441,45.419441,1,4,4,drilling
144351-4-3-7.wav,144351,42.419441,46.419441,1,4,4,drilling
14468-3-0-2.wav,14468,1.837557,5.837557,1,10,3,dog_bark
14468-3-0-3.wav,14468,2.337557,6.337557,1,10,3,dog_bark
14468-3-1-0.wav,14468,24.027429,26.173669,1,10,3,dog_bark
14468-3-5-0.wav,14468,54.127148,58.127148,1,10,3,dog_bark
144885-3-0-0.wav,144885,0.0,0.261224,1,3,3,dog_bark
14527-9-0-0.wav,14527,7.596771,11.596771,2,9,9,street_music
14527-9-0-2.wav,14527,8.596771,12.596771,2,9,9,street_music
14527-9-0-3.wav,14527,9.096771,13.096771,2,9,9,street_music
14527-9-0-4.wav,14527,9.596771,13.596771,2,9,9,street_music
14527-9-0-5.wav,14527,10.096771,14.096771,2,9,9,street_music
14527-9-0-6.wav,14527,10.596771,14.596771,2,9,9,street_music
14527-9-0-7.wav,14527,11.096771,15.096771,2,9,9,street_music
145390-9-0-13.wav,145390,6.5,10.5,1,9,9,street_music
145390-9-0-15.wav,145390,7.5,11.5,1,9,9,street_music
145390-9-0-22.wav,145390,11.0,15.0,1,9,9,street_music
145390-9-0-26.wav,145390,13.0,17.0,1,9,9,street_music
145390-9-0-3.wav,145390,1.5,5.5,1,9,9,street_music
145390-9-0-34.wav,145390,17.0,21.0,1,9,9,street_music
145390-9-0-7.wav,145390,3.5,7.5,1,9,9,street_music
146244-4-0-0.wav,146244,0.0,2.046729,1,10,4,drilling
146249-4-0-0.wav,146249,0.0,1.099771,1,9,4,drilling
146343-3-0-0.wav,146343,0.0,4.0,1,8,3,dog_bark
147019-4-0-0.wav,147019,0.688099,4.5951,1,8,4,drilling
147491-9-0-0.wav,147491,0.0,4.0,2,10,9,street_music
147491-9-0-5.wav,147491,2.5,6.5,2,10,9,street_music
147491-9-2-10.wav,147491,96.062031,100.062031,2,10,9,street_music
147491-9-2-25.wav,147491,103.562031,107.562031,2,10,9,street_music
147491-9-2-32.wav,147491,107.062031,111.062031,2,10,9,street_music
147491-9-2-6.wav,147491,94.062031,98.062031,2,10,9,street_music
147672-3-0-0.wav,147672,0.644886,0.997283,1,2,3,dog_bark
147672-3-1-0.wav,147672,1.726745,2.188385,1,2,3,dog_bark
147672-3-2-0.wav,147672,3.781219,4.161808,1,2,3,dog_bark
147764-4-0-0.wav,147764,0.441828,2.143685,1,1,4,drilling
147764-4-1-0.wav,147764,2.143685,5.220118,1,1,4,drilling
147764-4-2-0.wav,147764,5.449214,6.103774,1,1,4,drilling
147764-4-3-0.wav,147764,6.431054,7.543807,1,1,4,drilling
147764-4-4-0.wav,147764,7.641991,11.641991,1,1,4,drilling
147764-4-4-1.wav,147764,8.141991,12.141991,1,1,4,drilling
147764-4-4-2.wav,147764,8.641991,12.641991,1,1,4,drilling
147764-4-5-0.wav,147764,16.29855,17.329482,1,1,4,drilling
147764-4-6-0.wav,147764,17.460394,21.460394,1,1,4,drilling
147764-4-7-0.wav,147764,23.400529,24.595101,1,1,4,drilling
147764-4-8-0.wav,147764,24.676921,25.364209,1,1,4,drilling
14780-9-0-0.wav,14780,1.155116,5.155116,2,2,9,street_music
14780-9-0-1.wav,14780,1.655116,5.655116,2,2,9,street_music
14780-9-0-2.wav,14780,2.155116,6.155116,2,2,9,street_music
149254-9-0-25.wav,149254,12.5,16.5,1,2,9,street_music
149254-9-0-29.wav,149254,14.5,18.5,1,2,9,street_music
149254-9-0-30.wav,149254,15.0,19.0,1,2,9,street_music
149254-9-0-42.wav,149254,21.0,25.0,1,2,9,street_music
149254-9-0-51.wav,149254,25.5,29.5,1,2,9,street_music
149254-9-0-56.wav,149254,28.0,32.0,1,2,9,street_music
149255-9-0-0.wav,149255,0.0,4.0,1,9,9,street_music
149255-9-0-13.wav,149255,6.5,10.5,1,9,9,street_music
149255-9-0-3.wav,149255,1.5,5.5,1,9,9,street_music
149255-9-0-4.wav,149255,2.0,6.0,1,9,9,street_music
149255-9-0-5.wav,149255,2.5,6.5,1,9,9,street_music
149255-9-0-7.wav,149255,3.5,7.5,1,9,9,street_music
149370-9-0-15.wav,149370,7.5,11.5,2,2,9,street_music
149370-9-0-19.wav,149370,9.5,13.5,2,2,9,street_music
149370-9-0-21.wav,149370,10.5,14.5,2,2,9,street_music
149370-9-0-22.wav,149370,11.0,15.0,2,2,9,street_music
149370-9-0-32.wav,149370,16.0,20.0,2,2,9,street_music
149370-9-0-37.wav,149370,18.5,22.5,2,2,9,street_music
149929-9-0-0.wav,149929,3.420889,7.420889,2,9,9,street_music
149929-9-0-2.wav,149929,4.420889,8.420888999999999,2,9,9,street_music
149929-9-0-5.wav,149929,5.920889,9.920889,2,9,9,street_music
149929-9-1-0.wav,149929,22.52623,26.52623,1,9,9,street_music
149929-9-1-1.wav,149929,23.02623,27.02623,1,9,9,street_music
149929-9-1-4.wav,149929,24.52623,28.52623,1,9,9,street_music
150341-3-0-0.wav,150341,12.834011,13.322652,1,1,3,dog_bark
150341-3-1-0.wav,150341,15.377819,15.823344,1,1,3,dog_bark
151005-4-0-0.wav,151005,0.524393,4.524393,1,4,4,drilling
151005-4-0-1.wav,151005,1.024393,5.024393,1,4,4,drilling
151005-4-0-2.wav,151005,1.524393,5.524393,1,4,4,drilling
151005-4-0-3.wav,151005,2.024393,6.024393,1,4,4,drilling
151005-4-1-0.wav,151005,11.445447,15.445447,1,4,4,drilling
151005-4-1-1.wav,151005,11.945447,15.945447,1,4,4,drilling
151005-4-1-2.wav,151005,12.445447,16.445447,1,4,4,drilling
151005-4-2-0.wav,151005,21.705309,25.705309,1,4,4,drilling
151005-4-2-1.wav,151005,22.205309,26.205309,1,4,4,drilling
151005-4-3-0.wav,151005,30.072797,34.072797,1,4,4,drilling
151005-4-3-1.wav,151005,30.572797,34.572797,1,4,4,drilling
151005-4-3-2.wav,151005,31.072797,35.072797,1,4,4,drilling
152570-9-0-0.wav,152570,0.0,4.0,1,9,9,street_music
152570-9-1-41.wav,152570,87.553778,91.553778,1,9,9,street_music
152570-9-1-42.wav,152570,88.053778,92.053778,1,9,9,street_music
152570-9-1-61.wav,152570,97.553778,101.553778,1,9,9,street_music
152570-9-1-63.wav,152570,98.553778,102.553778,1,9,9,street_music
152570-9-1-81.wav,152570,107.553778,111.553778,1,9,9,street_music
152588-3-0-0.wav,152588,0.386897,2.805001,1,9,3,dog_bark
152588-3-1-0.wav,152588,5.464916,9.464916,1,9,3,dog_bark
152588-3-2-0.wav,152588,15.645137,17.893974,1,9,3,dog_bark
152588-3-3-0.wav,152588,19.65919,22.464192,1,9,3,dog_bark
155044-9-0-11.wav,155044,5.5,9.5,1,9,9,street_music
155044-9-0-15.wav,155044,7.5,11.5,1,9,9,street_music
155044-9-0-19.wav,155044,9.5,13.5,1,9,9,street_music
155044-9-0-3.wav,155044,1.5,5.5,1,9,9,street_music
155044-9-0-37.wav,155044,18.5,22.5,1,9,9,street_music
155044-9-0-38.wav,155044,19.0,23.0,1,9,9,street_music
155127-9-0-2.wav,155127,1.0,5.0,1,6,9,street_music
155127-9-1-2.wav,155127,50.498966,54.498966,1,6,9,street_music
155127-9-1-23.wav,155127,60.998966,64.998966,1,6,9,street_music
155127-9-1-24.wav,155127,61.498966,65.498966,1,6,9,street_music
155127-9-1-25.wav,155127,61.998966,65.998966,1,6,9,street_music
155127-9-1-27.wav,155127,62.998966,66.998966,1,6,9,street_music
155202-9-0-124.wav,155202,62.0,66.0,1,1,9,street_music
155202-9-0-126.wav,155202,63.0,67.0,1,1,9,street_music
155202-9-0-135.wav,155202,67.5,71.5,1,1,9,street_music
155202-9-0-38.wav,155202,19.0,23.0,1,1,9,street_music
155202-9-0-42.wav,155202,21.0,25.0,1,1,9,street_music
155202-9-0-6.wav,155202,3.0,7.0,1,1,9,street_music
155212-9-0-13.wav,155212,105.384208,109.384208,2,6,9,street_music
155212-9-1-14.wav,155212,139.167185,143.167185,1,6,9,street_music
155212-9-1-49.wav,155212,156.667185,160.667185,1,6,9,street_music
155212-9-1-75.wav,155212,169.667185,173.667185,1,6,9,street_music
155212-9-1-85.wav,155212,174.667185,178.667185,1,6,9,street_music
155212-9-1-88.wav,155212,176.167185,180.167185,1,6,9,street_music
155217-9-0-27.wav,155217,51.2558,55.2558,1,8,9,street_music
155217-9-0-39.wav,155217,57.2558,61.2558,1,8,9,street_music
155217-9-0-57.wav,155217,66.2558,70.2558,1,8,9,street_music
155217-9-0-85.wav,155217,80.2558,84.2558,1,8,9,street_music
155217-9-1-24.wav,155217,284.64365,288.64365,1,8,9,street_music
155217-9-1-58.wav,155217,301.64365,305.64365,1,8,9,street_music
155227-9-0-2.wav,155227,1.0,5.0,1,3,9,street_music
155227-9-0-20.wav,155227,10.0,14.0,1,3,9,street_music
155227-9-0-23.wav,155227,11.5,15.5,1,3,9,street_music
155227-9-0-24.wav,155227,12.0,16.0,1,3,9,street_music
155227-9-0-27.wav,155227,13.5,17.5,1,3,9,street_music
155227-9-0-3.wav,155227,1.5,5.5,1,3,9,street_music
155241-9-0-50.wav,155241,46.291549,50.291549,1,10,9,street_music
155241-9-0-56.wav,155241,49.291549,53.291549,1,10,9,street_music
155241-9-0-69.wav,155241,55.791549,59.791549,1,10,9,street_music
155241-9-0-79.wav,155241,60.791549,64.791549,1,10,9,street_music
155241-9-0-8.wav,155241,25.291549,29.291549,1,10,9,street_music
155241-9-0-88.wav,155241,65.291549,69.291549,1,10,9,street_music
155242-9-0-12.wav,155242,38.207686,42.207686,2,9,9,street_music
155242-9-0-15.wav,155242,39.707686,43.707686,2,9,9,street_music
155242-9-0-27.wav,155242,45.707686,49.707686,2,9,9,street_music
155242-9-0-35.wav,155242,49.707686,53.707686,2,9,9,street_music
155242-9-0-4.wav,155242,34.207686,38.207686,2,9,9,street_music
155242-9-0-44.wav,155242,54.207686,58.207686,2,9,9,street_music
155243-9-0-18.wav,155243,9.0,13.0,2,5,9,street_music
155243-9-0-24.wav,155243,12.0,16.0,2,5,9,street_music
155243-9-0-32.wav,155243,16.0,20.0,2,5,9,street_music
155243-9-0-42.wav,155243,21.0,25.0,2,5,9,street_music
155243-9-0-53.wav,155243,26.5,30.5,2,5,9,street_music
155243-9-0-55.wav,155243,27.5,31.5,2,5,9,street_music
155294-3-0-0.wav,155294,0.0,2.680454,2,8,3,dog_bark
155299-3-0-1.wav,155299,0.5,4.5,2,7,3,dog_bark
155299-3-1-0.wav,155299,8.526258,12.526258,2,7,3,dog_bark
155299-3-1-1.wav,155299,9.026258,13.026258,2,7,3,dog_bark
155299-3-1-2.wav,155299,9.526258,13.526258,2,7,3,dog_bark
155309-3-0-0.wav,155309,0.0,1.219048,1,3,3,dog_bark
155310-3-0-0.wav,155310,0.0,2.774785,1,1,3,dog_bark
155311-3-0-0.wav,155311,0.0,3.691973,1,10,3,dog_bark
155312-3-0-0.wav,155312,0.0,4.0,1,9,3,dog_bark
155313-3-0-0.wav,155313,2.249546,3.021266,1,8,3,dog_bark
155314-3-0-1.wav,155314,0.5,4.5,1,7,3,dog_bark
155314-3-0-2.wav,155314,1.0,5.0,1,7,3,dog_bark
155314-3-0-5.wav,155314,2.5,6.5,1,7,3,dog_bark
155315-3-0-0.wav,155315,0.0,4.0,1,7,3,dog_bark
155317-3-0-0.wav,155317,3.031264,7.031264,1,6,3,dog_bark
155320-3-0-0.wav,155320,0.084222,1.224028,1,4,3,dog_bark
155488-3-0-6.wav,155488,34.470139,38.470139,2,6,3,dog_bark
155488-3-2-0.wav,155488,99.268224,103.268224,2,6,3,dog_bark
155488-3-3-0.wav,155488,147.423873,151.423873,2,6,3,dog_bark
155488-3-3-1.wav,155488,147.923873,151.923873,2,6,3,dog_bark
156362-4-0-0.wav,156362,111.410002,115.410002,2,4,4,drilling
156362-4-0-1.wav,156362,111.910002,115.910002,2,4,4,drilling
156362-4-0-2.wav,156362,112.410002,116.410002,2,4,4,drilling
156362-4-0-3.wav,156362,112.910002,116.910002,2,4,4,drilling
156362-4-1-0.wav,156362,124.563955,126.556979,2,4,4,drilling
156362-4-2-0.wav,156362,132.536049,136.536049,2,4,4,drilling
156362-4-2-1.wav,156362,133.036049,137.036049,2,4,4,drilling
156362-4-3-0.wav,156362,309.117912,313.117912,2,4,4,drilling
156362-4-3-1.wav,156362,309.617912,313.617912,2,4,4,drilling
156362-4-3-2.wav,156362,310.117912,314.117912,2,4,4,drilling
156362-4-3-3.wav,156362,310.617912,314.617912,2,4,4,drilling
156362-4-3-4.wav,156362,311.117912,315.117912,2,4,4,drilling
156362-4-3-5.wav,156362,311.617912,315.617912,2,4,4,drilling
156362-4-3-6.wav,156362,312.117912,316.117912,2,4,4,drilling
156362-4-3-7.wav,156362,312.617912,316.617912,2,4,4,drilling
156362-4-3-8.wav,156362,313.117912,317.117912,2,4,4,drilling
156418-3-0-0.wav,156418,0.0,4.0,1,3,3,dog_bark
156418-3-0-1.wav,156418,0.5,4.5,1,3,3,dog_bark
156418-3-1-0.wav,156418,8.43488,12.43488,1,3,3,dog_bark
156418-3-2-0.wav,156418,15.852218,16.85637,1,3,3,dog_bark
157322-3-0-3.wav,157322,1.5,5.5,1,6,3,dog_bark
157322-3-0-4.wav,157322,2.0,6.0,1,6,3,dog_bark
157322-3-0-5.wav,157322,2.5,6.5,1,6,3,dog_bark
157322-3-0-6.wav,157322,3.0,7.0,1,6,3,dog_bark
157649-3-0-0.wav,157649,0.312331,4.312331,2,8,3,dog_bark
157649-3-0-1.wav,157649,0.812331,4.812331,2,8,3,dog_bark
157649-3-1-1.wav,157649,14.71108,18.711080000000003,2,8,3,dog_bark
157649-3-2-0.wav,157649,23.8413,27.8413,2,8,3,dog_bark
157695-3-0-19.wav,157695,9.5,13.5,1,4,3,dog_bark
157695-3-0-2.wav,157695,1.0,5.0,1,4,3,dog_bark
157695-3-0-27.wav,157695,13.5,17.5,1,4,3,dog_bark
157695-3-0-8.wav,157695,4.0,8.0,1,4,3,dog_bark
157940-9-0-0.wav,157940,0.0,4.0,1,7,9,street_music
157940-9-0-2.wav,157940,1.0,5.0,1,7,9,street_music
157940-9-0-3.wav,157940,1.5,5.5,1,7,9,street_music
157940-9-0-4.wav,157940,2.0,6.0,1,7,9,street_music
157940-9-0-5.wav,157940,2.5,6.5,1,7,9,street_music
157940-9-0-6.wav,157940,3.0,7.0,1,7,9,street_music
157950-3-0-0.wav,157950,0.0,1.410045,1,7,3,dog_bark
158607-3-0-0.wav,158607,0.115242,1.131463,2,2,3,dog_bark
158607-3-1-0.wav,158607,5.835416,8.213584,1,2,3,dog_bark
158607-3-2-0.wav,158607,11.16796,13.21088,1,2,3,dog_bark
159176-3-0-0.wav,159176,0.0,1.184218,1,4,3,dog_bark
159726-3-0-0.wav,159726,1.237472,2.324186,2,9,3,dog_bark
159726-3-1-0.wav,159726,2.606858,4.466207,2,9,3,dog_bark
160092-3-0-0.wav,160092,0.013784,0.142207,1,2,3,dog_bark
160093-3-0-0.wav,160093,0.015691,0.135517,1,3,3,dog_bark
160094-3-0-0.wav,160094,0.120695,0.313453,1,1,3,dog_bark
160366-3-0-13.wav,160366,6.5,10.5,1,2,3,dog_bark
160366-3-0-4.wav,160366,2.0,6.0,1,2,3,dog_bark
160366-3-0-7.wav,160366,3.5,7.5,1,2,3,dog_bark
160366-3-0-8.wav,160366,4.0,8.0,1,2,3,dog_bark
160575-3-0-0.wav,160575,1.351494,2.38668,2,6,3,dog_bark
160575-3-1-0.wav,160575,3.450622,4.514564,2,6,3,dog_bark
160575-3-4-0.wav,160575,11.185766,12.537259,2,6,3,dog_bark
160575-3-7-0.wav,160575,17.540661,18.863399,2,6,3,dog_bark
161129-4-0-1.wav,161129,8.775687,12.775687,1,8,4,drilling
161129-4-0-10.wav,161129,13.275687,17.275686999999998,1,8,4,drilling
161129-4-0-11.wav,161129,13.775687,17.775686999999998,1,8,4,drilling
161129-4-0-12.wav,161129,14.275687,18.275687,1,8,4,drilling
161129-4-0-13.wav,161129,14.775687,18.775687,1,8,4,drilling
161129-4-0-15.wav,161129,15.775687,19.775687,1,8,4,drilling
161129-4-0-16.wav,161129,16.275686999999998,20.275687,1,8,4,drilling
161129-4-0-19.wav,161129,17.775686999999998,21.775687,1,8,4,drilling
161129-4-0-2.wav,161129,9.275687,13.275687,1,8,4,drilling
161129-4-0-20.wav,161129,18.275687,22.275687,1,8,4,drilling
161129-4-0-3.wav,161129,9.775687,13.775687,1,8,4,drilling
161129-4-0-4.wav,161129,10.275687,14.275687,1,8,4,drilling
161129-4-0-5.wav,161129,10.775687,14.775687,1,8,4,drilling
161129-4-0-6.wav,161129,11.275687,15.275687,1,8,4,drilling
161129-4-0-7.wav,161129,11.775687,15.775687,1,8,4,drilling
161129-4-0-8.wav,161129,12.275687,16.275686999999998,1,8,4,drilling
161129-4-0-9.wav,161129,12.775687,16.775686999999998,1,8,4,drilling
161702-9-0-26.wav,161702,13.0,17.0,1,1,9,street_music
161702-9-0-30.wav,161702,15.0,19.0,1,1,9,street_music
161702-9-0-37.wav,161702,18.5,22.5,1,1,9,street_music
161702-9-0-45.wav,161702,22.5,26.5,1,1,9,street_music
161702-9-0-6.wav,161702,3.0,7.0,1,1,9,street_music
161702-9-0-8.wav,161702,4.0,8.0,1,1,9,street_music
161922-3-1-4.wav,161922,45.118484,49.118484,2,6,3,dog_bark
161922-3-1-5.wav,161922,45.618484,49.618484,2,6,3,dog_bark
161922-3-1-6.wav,161922,46.118484,50.118484,2,6,3,dog_bark
161922-3-2-0.wav,161922,66.58268,69.969265,2,6,3,dog_bark
161923-3-0-0.wav,161923,0.0,4.0,1,6,3,dog_bark
161923-3-0-12.wav,161923,6.0,10.0,1,6,3,dog_bark
161923-3-0-19.wav,161923,9.5,13.5,1,6,3,dog_bark
161923-3-0-5.wav,161923,2.5,6.5,1,6,3,dog_bark
162148-3-0-0.wav,162148,0.0,0.452781,1,10,3,dog_bark
163459-3-0-0.wav,163459,0.294231,1.074248,1,10,3,dog_bark
164311-3-0-0.wav,164311,1.001261,5.001261,1,6,3,dog_bark
164311-3-1-0.wav,164311,7.174174,10.683181,1,6,3,dog_bark
164312-3-0-0.wav,164312,0.0,3.450579,1,1,3,dog_bark
164312-3-1-0.wav,164312,6.182287,8.171162,1,1,3,dog_bark
164312-3-3-0.wav,164312,22.380838,24.058202,1,1,3,dog_bark
164312-3-4-0.wav,164312,25.711605,27.412932,1,1,3,dog_bark
164344-9-0-0.wav,164344,0.0,4.0,1,5,9,street_music
164344-9-0-26.wav,164344,13.0,17.0,1,5,9,street_music
164344-9-0-38.wav,164344,19.0,23.0,1,5,9,street_music
164344-9-0-39.wav,164344,19.5,23.5,1,5,9,street_music
164344-9-0-40.wav,164344,20.0,24.0,1,5,9,street_music
164344-9-0-44.wav,164344,22.0,26.0,1,5,9,street_music
164377-9-0-16.wav,164377,8.0,12.0,1,10,9,street_music
164377-9-1-15.wav,164377,194.0388,198.0388,1,10,9,street_music
164377-9-1-3.wav,164377,188.0388,192.0388,1,10,9,street_music
164377-9-1-36.wav,164377,204.5388,208.5388,1,10,9,street_music
164377-9-1-43.wav,164377,208.0388,212.0388,1,10,9,street_music
164377-9-1-50.wav,164377,211.5388,215.5388,1,10,9,street_music
164377-9-1-92.wav,164377,232.5388,236.5388,1,10,9,street_music
165192-9-0-118.wav,165192,59.0,63.0,1,7,9,street_music
165192-9-0-146.wav,165192,73.0,77.0,1,7,9,street_music
165192-9-0-160.wav,165192,80.0,84.0,1,7,9,street_music
165192-9-0-5.wav,165192,2.5,6.5,1,7,9,street_music
165192-9-0-76.wav,165192,38.0,42.0,1,7,9,street_music
165192-9-0-87.wav,165192,43.5,47.5,1,7,9,street_music
165567-3-0-0.wav,165567,0.147106,4.147106,2,9,3,dog_bark
165567-3-2-0.wav,165567,12.111718,14.759624,2,9,3,dog_bark
165567-3-3-0.wav,165567,18.388235,20.251576,2,9,3,dog_bark
165567-3-4-0.wav,165567,29.347624,31.26,2,9,3,dog_bark
165640-4-0-0.wav,165640,0.0,4.0,1,10,4,drilling
165640-4-0-1.wav,165640,0.5,4.5,1,10,4,drilling
165640-4-0-2.wav,165640,1.0,5.0,1,10,4,drilling
165641-4-0-0.wav,165641,0.0,4.0,1,6,4,drilling
165641-4-0-1.wav,165641,0.5,4.5,1,6,4,drilling
165642-4-0-0.wav,165642,0.0,4.0,1,1,4,drilling
165643-4-0-0.wav,165643,0.0,4.0,1,2,4,drilling
165644-4-0-0.wav,165644,0.0,4.0,1,7,4,drilling
165644-4-0-1.wav,165644,0.5,4.5,1,7,4,drilling
165645-4-0-0.wav,165645,0.0,0.693888,1,1,4,drilling
165645-4-1-0.wav,165645,0.8888,1.765905,1,1,4,drilling
165645-4-2-0.wav,165645,1.882852,2.822329,1,1,4,drilling
165645-4-3-0.wav,165645,2.888599,3.765705,1,1,4,drilling
165645-4-4-0.wav,165645,4.295866,5.169073,1,1,4,drilling
165645-4-5-0.wav,165645,5.402967,6.416511,1,1,4,drilling
165785-4-0-0.wav,165785,0.0,1.234467,1,4,4,drilling
165785-4-1-0.wav,165785,1.333836,2.415427,1,4,4,drilling
165785-4-2-0.wav,165785,2.556837,3.64225,1,4,4,drilling
165785-4-3-0.wav,165785,3.691934,4.731485,1,4,4,drilling
165785-4-4-0.wav,165785,5.132783,6.416934,1,4,4,drilling
165786-4-0-0.wav,165786,0.0,4.0,1,3,4,drilling
166268-3-0-0.wav,166268,0.0,0.239205,1,1,3,dog_bark
166268-3-1-0.wav,166268,0.940874,2.382484,1,1,3,dog_bark
166268-3-2-0.wav,166268,3.495586,3.706087,1,1,3,dog_bark
166421-3-0-29.wav,166421,14.5,18.5,1,2,3,dog_bark
166421-3-0-31.wav,166421,15.5,19.5,1,2,3,dog_bark
166421-3-0-5.wav,166421,2.5,6.5,1,2,3,dog_bark
166489-3-0-1.wav,166489,0.5,4.5,1,6,3,dog_bark
166489-3-0-2.wav,166489,1.0,5.0,1,6,3,dog_bark
166489-3-0-4.wav,166489,2.0,6.0,1,6,3,dog_bark
166931-4-0-0.wav,166931,0.0,4.0,1,6,4,drilling
166931-4-0-1.wav,166931,0.5,4.5,1,6,4,drilling
166931-4-1-2.wav,166931,15.031753,19.031753,1,6,4,drilling
166931-4-1-4.wav,166931,16.031753000000002,20.031753,1,6,4,drilling
166931-4-1-5.wav,166931,16.531753000000002,20.531753,1,6,4,drilling
166931-4-1-6.wav,166931,17.031753000000002,21.031753,1,6,4,drilling
166931-4-2-0.wav,166931,37.418008,41.418008,1,6,4,drilling
166931-4-2-12.wav,166931,43.418008,47.418008,1,6,4,drilling
166931-4-2-13.wav,166931,43.918008,47.918008,1,6,4,drilling
166931-4-2-3.wav,166931,38.918008,42.918008,1,6,4,drilling
166931-4-2-7.wav,166931,40.918008,44.918008,1,6,4,drilling
166931-4-2-8.wav,166931,41.418008,45.418008,1,6,4,drilling
166931-4-3-1.wav,166931,85.928614,89.928614,1,6,4,drilling
166931-4-3-2.wav,166931,86.428614,90.428614,1,6,4,drilling
166931-4-4-0.wav,166931,223.545085,227.545085,1,6,4,drilling
166931-4-4-2.wav,166931,224.545085,228.545085,1,6,4,drilling
166931-4-4-3.wav,166931,225.045085,229.045085,1,6,4,drilling
167701-4-0-0.wav,167701,4.104292,5.435414,1,6,4,drilling
167701-4-1-0.wav,167701,5.657268,6.766536,1,6,4,drilling
167701-4-10-0.wav,167701,55.500387,57.127314,1,6,4,drilling
167701-4-11-0.wav,167701,57.82985,60.196289,1,6,4,drilling
167701-4-12-0.wav,167701,61.19463,63.671996,1,6,4,drilling
167701-4-2-0.wav,167701,7.247219,8.393463,1,6,4,drilling
167701-4-3-0.wav,167701,8.541365,9.798536,1,6,4,drilling
167701-4-4-0.wav,167701,10.390146,14.390146,1,6,4,drilling
167701-4-5-0.wav,167701,16.195316,17.526438,1,6,4,drilling
167701-4-6-0.wav,167701,18.635706,22.635706,1,6,4,drilling
167701-4-6-1.wav,167701,19.135706,23.135706,1,6,4,drilling
167701-4-6-2.wav,167701,19.635706,23.635706,1,6,4,drilling
167701-4-6-3.wav,167701,20.135706,24.135706,1,6,4,drilling
167701-4-6-4.wav,167701,20.635706,24.635706,1,6,4,drilling
167701-4-7-0.wav,167701,34.831022,36.864681,1,6,4,drilling
167701-4-9-0.wav,167701,42.263119,46.263119,1,6,4,drilling
167701-4-9-1.wav,167701,42.763119,46.763119,1,6,4,drilling
167702-4-0-0.wav,167702,1.195058,5.195058,1,8,4,drilling
167702-4-1-0.wav,167702,13.761272,16.730809,1,8,4,drilling
167702-4-2-0.wav,167702,17.67237,20.678121,1,8,4,drilling
167702-4-3-0.wav,167702,21.257543,25.257543,1,8,4,drilling
167702-4-4-0.wav,167702,28.065751,30.492081,1,8,4,drilling
167702-4-5-0.wav,167702,30.492081,32.628699,1,8,4,drilling
167702-4-6-0.wav,167702,32.628699,35.670665,1,8,4,drilling
167702-4-7-0.wav,167702,47.548815,51.548815,1,8,4,drilling
167702-4-7-1.wav,167702,48.048815,52.048815,1,8,4,drilling
167702-4-8-0.wav,167702,53.922456,57.922456,1,8,4,drilling
167702-4-9-0.wav,167702,60.115029,63.048352,1,8,4,drilling
167750-4-0-0.wav,167750,6.617749,9.117787,1,10,4,drilling
167750-4-1-0.wav,167750,14.330286,18.330286,1,10,4,drilling
167750-4-2-0.wav,167750,24.689922,26.258574,1,10,4,drilling
167750-4-3-0.wav,167750,26.879498,28.170368,1,10,4,drilling
168037-4-0-0.wav,168037,1.302542,3.362927,1,8,4,drilling
168037-4-1-0.wav,168037,38.673666,40.236716,1,8,4,drilling
168037-4-10-0.wav,168037,324.143576,325.967135,1,8,4,drilling
168037-4-11-0.wav,168037,341.645008,343.089646,1,8,4,drilling
168037-4-12-0.wav,168037,346.926225,348.678737,1,8,4,drilling
168037-4-13-0.wav,168037,370.158844,373.78228,1,8,4,drilling
168037-4-2-0.wav,168037,109.839841,111.829179,1,8,4,drilling
168037-4-3-0.wav,168037,123.054725,124.949332,1,8,4,drilling
168037-4-4-0.wav,168037,173.664415,175.914261,1,8,4,drilling
168037-4-5-0.wav,168037,189.223875,191.047434,1,8,4,drilling
168037-4-6-0.wav,168037,219.656,221.929528,1,8,4,drilling
168037-4-7-0.wav,168037,223.445214,225.718742,1,8,4,drilling
168037-4-8-0.wav,168037,269.010512,270.54988,1,8,4,drilling
168037-4-9-0.wav,168037,291.911574,293.900912,1,8,4,drilling
16860-9-0-26.wav,16860,14.989099,18.989099,1,8,9,street_music
16860-9-0-28.wav,16860,15.989099,19.989099,1,8,9,street_music
16860-9-0-30.wav,16860,16.989099,20.989099,1,8,9,street_music
16860-9-0-45.wav,16860,24.489099,28.489099,1,8,9,street_music
16860-9-0-50.wav,16860,26.989099,30.989099,1,8,9,street_music
16860-9-0-8.wav,16860,5.989099,9.989099,1,8,9,street_music
168713-9-0-32.wav,168713,16.0,20.0,1,2,9,street_music
168713-9-0-33.wav,168713,16.5,20.5,1,2,9,street_music
168713-9-0-38.wav,168713,19.0,23.0,1,2,9,street_music
168713-9-0-46.wav,168713,23.0,27.0,1,2,9,street_music
168713-9-0-62.wav,168713,31.0,35.0,1,2,9,street_music
168713-9-0-82.wav,168713,41.0,45.0,1,2,9,street_music
168906-9-0-114.wav,168906,57.0,61.0,1,9,9,street_music
168906-9-0-128.wav,168906,64.0,68.0,1,9,9,street_music
168906-9-0-28.wav,168906,14.0,18.0,1,9,9,street_music
168906-9-0-47.wav,168906,23.5,27.5,1,9,9,street_music
168906-9-0-73.wav,168906,36.5,40.5,1,9,9,street_music
168906-9-0-95.wav,168906,47.5,51.5,1,9,9,street_music
169466-4-0-12.wav,169466,6.0,10.0,2,4,4,drilling
169466-4-0-7.wav,169466,3.5,7.5,2,4,4,drilling
169466-4-0-8.wav,169466,4.0,8.0,2,4,4,drilling
169466-4-1-3.wav,169466,64.459037,68.459037,2,4,4,drilling
169466-4-1-5.wav,169466,65.459037,69.459037,2,4,4,drilling
169466-4-1-8.wav,169466,66.959037,70.959037,2,4,4,drilling
169466-4-2-17.wav,169466,165.640268,169.640268,2,4,4,drilling
169466-4-2-18.wav,169466,166.140268,170.140268,2,4,4,drilling
169466-4-2-2.wav,169466,158.140268,162.140268,2,4,4,drilling
169466-4-2-21.wav,169466,167.640268,171.640268,2,4,4,drilling
169466-4-2-4.wav,169466,159.140268,163.140268,2,4,4,drilling
169466-4-2-6.wav,169466,160.140268,164.140268,2,4,4,drilling
169466-4-2-8.wav,169466,161.140268,165.140268,2,4,4,drilling
169466-4-3-1.wav,169466,203.787355,207.787355,2,4,4,drilling
169466-4-3-10.wav,169466,208.287355,212.287355,2,4,4,drilling
169466-4-3-12.wav,169466,209.287355,213.287355,2,4,4,drilling
169466-4-3-14.wav,169466,210.287355,214.287355,2,4,4,drilling
169466-4-3-3.wav,169466,204.787355,208.787355,2,4,4,drilling
169466-4-3-7.wav,169466,206.787355,210.787355,2,4,4,drilling
169466-4-3-8.wav,169466,207.287355,211.287355,2,4,4,drilling
169466-4-3-9.wav,169466,207.787355,211.787355,2,4,4,drilling
170015-3-0-0.wav,170015,1.193864,1.790795,1,3,3,dog_bark
171165-9-0-103.wav,171165,51.5,55.5,1,7,9,street_music
171165-9-0-15.wav,171165,7.5,11.5,1,7,9,street_music
171165-9-0-19.wav,171165,9.5,13.5,1,7,9,street_music
171165-9-0-54.wav,171165,27.0,31.0,1,7,9,street_music
171165-9-0-70.wav,171165,35.0,39.0,1,7,9,street_music
171165-9-0-84.wav,171165,42.0,46.0,1,7,9,street_music
171184-9-0-17.wav,171184,8.5,12.5,2,7,9,street_music
171184-9-0-18.wav,171184,9.0,13.0,2,7,9,street_music
171184-9-0-19.wav,171184,9.5,13.5,2,7,9,street_music
171184-9-0-23.wav,171184,11.5,15.5,2,7,9,street_music
171184-9-0-6.wav,171184,3.0,7.0,2,7,9,street_music
171184-9-0-7.wav,171184,3.5,7.5,2,7,9,street_music
171243-9-0-11.wav,171243,5.5,9.5,2,8,9,street_music
171243-9-0-123.wav,171243,61.5,65.5,2,8,9,street_music
171243-9-0-31.wav,171243,15.5,19.5,2,8,9,street_music
171243-9-0-49.wav,171243,24.5,28.5,2,8,9,street_music
171243-9-0-81.wav,171243,40.5,44.5,2,8,9,street_music
171243-9-0-85.wav,171243,42.5,46.5,2,8,9,street_music
171243-9-0-91.wav,171243,45.5,49.5,2,8,9,street_music
171388-9-0-202.wav,171388,101.0,105.0,2,5,9,street_music
171388-9-0-225.wav,171388,112.5,116.5,2,5,9,street_music
171388-9-0-246.wav,171388,123.0,127.0,2,5,9,street_music
171388-9-0-253.wav,171388,126.5,130.5,2,5,9,street_music
171388-9-0-43.wav,171388,21.5,25.5,2,5,9,street_music
171388-9-0-88.wav,171388,44.0,48.0,2,5,9,street_music
171406-9-0-124.wav,171406,62.0,66.0,2,9,9,street_music
171406-9-0-183.wav,171406,91.5,95.5,2,9,9,street_music
171406-9-0-23.wav,171406,11.5,15.5,2,9,9,street_music
171406-9-0-57.wav,171406,28.5,32.5,2,9,9,street_music
171406-9-0-7.wav,171406,3.5,7.5,2,9,9,street_music
171406-9-0-90.wav,171406,45.0,49.0,2,9,9,street_music
171464-3-0-0.wav,171464,0.719177,2.434138,1,8,3,dog_bark
171464-3-1-0.wav,171464,3.961007,7.961007,1,8,3,dog_bark
171464-3-2-0.wav,171464,11.705992,13.111154,1,8,3,dog_bark
171478-9-0-26.wav,171478,15.44083,19.44083,2,10,9,street_music
171478-9-0-28.wav,171478,16.44083,20.44083,2,10,9,street_music
171478-9-0-38.wav,171478,21.44083,25.44083,2,10,9,street_music
171478-9-0-4.wav,171478,4.44083,8.44083,2,10,9,street_music
171478-9-0-55.wav,171478,29.94083,33.94083,2,10,9,street_music
171478-9-0-57.wav,171478,30.94083,34.94083,2,10,9,street_music
171478-9-0-58.wav,171478,31.44083,35.44083,2,10,9,street_music
172314-9-0-22.wav,172314,11.0,15.0,2,1,9,street_music
172314-9-0-40.wav,172314,20.0,24.0,2,1,9,street_music
172314-9-0-51.wav,172314,25.5,29.5,2,1,9,street_music
172314-9-0-52.wav,172314,26.0,30.0,2,1,9,street_music
172314-9-0-72.wav,172314,36.0,40.0,2,1,9,street_music
172314-9-0-80.wav,172314,40.0,44.0,2,1,9,street_music
172315-9-0-105.wav,172315,52.5,56.5,2,3,9,street_music
172315-9-0-113.wav,172315,56.5,60.5,2,3,9,street_music
172315-9-0-203.wav,172315,101.5,105.5,2,3,9,street_music
172315-9-0-211.wav,172315,105.5,109.5,2,3,9,street_music
172315-9-0-212.wav,172315,106.0,110.0,2,3,9,street_music
172315-9-0-224.wav,172315,112.0,116.0,2,3,9,street_music
172338-9-0-1.wav,172338,88.76048,92.76048,1,4,9,street_music
172338-9-0-20.wav,172338,98.26048,102.26048,1,4,9,street_music
172338-9-0-21.wav,172338,98.76048,102.76048,1,4,9,street_music
172338-9-0-39.wav,172338,107.76048,111.76048,1,4,9,street_music
172338-9-0-6.wav,172338,91.26048,95.26048,1,4,9,street_music
172338-9-0-7.wav,172338,91.76048,95.76048,1,4,9,street_music
172460-9-0-100.wav,172460,50.0,54.0,1,5,9,street_music
172460-9-0-101.wav,172460,50.5,54.5,1,5,9,street_music
172460-9-0-24.wav,172460,12.0,16.0,1,5,9,street_music
172460-9-0-31.wav,172460,15.5,19.5,1,5,9,street_music
172460-9-0-91.wav,172460,45.5,49.5,1,5,9,street_music
172460-9-0-94.wav,172460,47.0,51.0,1,5,9,street_music
172519-9-0-10.wav,172519,5.0,9.0,1,10,9,street_music
172519-9-0-13.wav,172519,6.5,10.5,1,10,9,street_music
172519-9-0-49.wav,172519,24.5,28.5,1,10,9,street_music
172519-9-0-53.wav,172519,26.5,30.5,1,10,9,street_music
172519-9-0-67.wav,172519,33.5,37.5,1,10,9,street_music
172519-9-0-8.wav,172519,4.0,8.0,1,10,9,street_music
173891-9-0-1.wav,173891,0.5,4.5,1,7,9,street_music
173891-9-0-10.wav,173891,5.0,9.0,1,7,9,street_music
173891-9-0-11.wav,173891,5.5,9.5,1,7,9,street_music
173891-9-0-17.wav,173891,8.5,12.5,1,7,9,street_music
173891-9-0-2.wav,173891,1.0,5.0,1,7,9,street_music
173891-9-0-7.wav,173891,3.5,7.5,1,7,9,street_music
173993-3-0-25.wav,173993,12.5,16.5,1,5,3,dog_bark
173993-3-0-39.wav,173993,19.5,23.5,1,5,3,dog_bark
173993-3-0-51.wav,173993,25.5,29.5,1,5,3,dog_bark
173993-3-0-52.wav,173993,26.0,30.0,1,5,3,dog_bark
173994-3-0-14.wav,173994,7.0,11.0,1,4,3,dog_bark
173994-3-0-3.wav,173994,1.5,5.5,1,4,3,dog_bark
173994-3-0-44.wav,173994,22.0,26.0,1,4,3,dog_bark
173994-3-0-45.wav,173994,22.5,26.5,1,4,3,dog_bark
173995-3-0-0.wav,173995,0.0,4.0,1,2,3,dog_bark
173995-3-0-11.wav,173995,5.5,9.5,1,2,3,dog_bark
173995-3-0-27.wav,173995,13.5,17.5,1,2,3,dog_bark
173995-3-0-3.wav,173995,1.5,5.5,1,2,3,dog_bark
174026-3-1-0.wav,174026,9.219766,13.219766,2,4,3,dog_bark
174026-3-1-1.wav,174026,9.719766,13.719766,2,4,3,dog_bark
174026-3-1-5.wav,174026,11.719766,15.719766,2,4,3,dog_bark
174026-3-2-2.wav,174026,34.71608,38.71608,2,4,3,dog_bark
17486-3-0-0.wav,17486,0.288611,0.942797,1,10,3,dog_bark
17486-3-1-0.wav,17486,1.799011,3.092953,1,10,3,dog_bark
17486-3-2-0.wav,17486,4.757279,5.700076,1,10,3,dog_bark
174873-3-5-1.wav,174873,241.801632,245.801632,1,8,3,dog_bark
174873-3-5-10.wav,174873,246.301632,250.301632,1,8,3,dog_bark
174873-3-5-12.wav,174873,247.301632,251.301632,1,8,3,dog_bark
174873-3-5-13.wav,174873,247.801632,251.801632,1,8,3,dog_bark
174994-3-0-0.wav,174994,27.743475,31.743475,1,2,3,dog_bark
174994-3-0-1.wav,174994,28.243475,32.243475000000004,1,2,3,dog_bark
174994-3-0-2.wav,174994,28.743475,32.743475000000004,1,2,3,dog_bark
174994-3-0-4.wav,174994,29.743475,33.743475000000004,1,2,3,dog_bark
175915-3-0-0.wav,175915,3.259606,7.259606,2,9,3,dog_bark
175915-3-0-1.wav,175915,3.759606,7.759606,2,9,3,dog_bark
175915-3-0-3.wav,175915,4.759606,8.759606,2,9,3,dog_bark
175915-3-1-8.wav,175915,123.071504,127.071504,2,9,3,dog_bark
175917-3-0-3.wav,175917,1.5,5.5,2,6,3,dog_bark
175917-3-1-1.wav,175917,86.429353,90.429353,2,6,3,dog_bark
175917-3-2-2.wav,175917,114.576188,118.576188,2,6,3,dog_bark
175917-3-4-1.wav,175917,199.258329,203.258329,2,6,3,dog_bark
17615-3-0-0.wav,17615,35.115512,39.115512,2,3,3,dog_bark
17615-3-0-3.wav,17615,36.615512,40.615512,2,3,3,dog_bark
17615-3-0-4.wav,17615,37.115512,41.115512,2,3,3,dog_bark
17615-3-0-6.wav,17615,38.115512,42.115512,2,3,3,dog_bark
176257-3-0-0.wav,176257,45.814379,49.814379,1,1,3,dog_bark
176258-3-1-12.wav,176258,75.897629,79.897629,1,1,3,dog_bark
176258-3-1-13.wav,176258,76.397629,80.397629,1,1,3,dog_bark
176258-3-1-18.wav,176258,78.897629,82.897629,1,1,3,dog_bark
176258-3-1-2.wav,176258,70.897629,74.897629,1,1,3,dog_bark
176783-3-0-11.wav,176783,5.5,9.5,1,3,3,dog_bark
176783-3-0-3.wav,176783,1.5,5.5,1,3,3,dog_bark
176783-3-0-5.wav,176783,2.5,6.5,1,3,3,dog_bark
176783-3-1-0.wav,176783,53.119866,57.119866,1,3,3,dog_bark
177620-3-0-20.wav,177620,11.664997,15.664997,2,9,3,dog_bark
177620-3-0-21.wav,177620,12.164997,16.164997,2,9,3,dog_bark
177620-3-0-25.wav,177620,14.164997,18.164997,2,9,3,dog_bark
177620-3-0-8.wav,177620,5.664997,9.664997,2,9,3,dog_bark
178099-9-0-0.wav,178099,0.0,4.0,1,5,9,street_music
178099-9-0-1.wav,178099,0.5,4.5,1,5,9,street_music
178099-9-0-10.wav,178099,5.0,9.0,1,5,9,street_music
178099-9-0-12.wav,178099,6.0,10.0,1,5,9,street_music
178099-9-0-6.wav,178099,3.0,7.0,1,5,9,street_music
178099-9-0-7.wav,178099,3.5,7.5,1,5,9,street_music
17810-3-0-0.wav,17810,0.308951,0.689991,1,8,3,dog_bark
17810-3-1-0.wav,17810,2.152361,2.770263,1,8,3,dog_bark
178118-3-0-0.wav,178118,0.0,0.723588,2,9,3,dog_bark
178118-3-1-0.wav,178118,3.373941,4.131185,2,9,3,dog_bark
178118-3-2-0.wav,178118,7.420988,8.523199,2,9,3,dog_bark
178497-3-0-1.wav,178497,0.5,4.5,1,5,3,dog_bark
178497-3-0-3.wav,178497,1.5,5.5,1,5,3,dog_bark
178497-3-0-4.wav,178497,2.0,6.0,1,5,3,dog_bark
178497-3-0-6.wav,178497,3.0,7.0,1,5,3,dog_bark
179039-9-0-22.wav,179039,45.725979,49.725979,2,8,9,street_music
179039-9-0-23.wav,179039,46.225979,50.225979,2,8,9,street_music
179039-9-0-30.wav,179039,49.725979,53.725979,2,8,9,street_music
179039-9-0-38.wav,179039,53.725979,57.725979,2,8,9,street_music
179039-9-0-4.wav,179039,36.725979,40.725979,2,8,9,street_music
179039-9-0-40.wav,179039,54.725979,58.725979,2,8,9,street_music
179096-3-0-1.wav,179096,0.5,4.5,1,2,3,dog_bark
179096-3-0-10.wav,179096,5.0,9.0,1,2,3,dog_bark
179096-3-0-5.wav,179096,2.5,6.5,1,2,3,dog_bark
179096-3-0-9.wav,179096,4.5,8.5,1,2,3,dog_bark
17913-4-0-0.wav,17913,0.0,4.0,1,1,4,drilling
17913-4-0-1.wav,17913,0.5,4.5,1,1,4,drilling
17913-4-0-2.wav,17913,1.0,5.0,1,1,4,drilling
17913-4-1-0.wav,17913,8.462876,9.512387,2,1,4,drilling
17913-4-2-0.wav,17913,9.512387,11.458753,1,1,4,drilling
179212-4-0-0.wav,179212,0.0,4.0,1,4,4,drilling
179386-3-0-0.wav,179386,0.0,4.0,1,3,3,dog_bark
179386-3-0-1.wav,179386,0.5,4.5,1,3,3,dog_bark
179386-3-0-2.wav,179386,1.0,5.0,1,3,3,dog_bark
179386-3-0-3.wav,179386,1.5,5.5,1,3,3,dog_bark
179725-4-0-0.wav,179725,0.815935,2.420932,1,6,4,drilling
180029-4-1-0.wav,180029,2.11139,5.17631,1,9,4,drilling
180029-4-10-0.wav,180029,28.980525,30.342712,1,9,4,drilling
180029-4-11-0.wav,180029,30.61515,31.398407,1,9,4,drilling
180029-4-12-0.wav,180029,31.875172,32.794649,1,9,4,drilling
180029-4-13-0.wav,180029,33.441687,34.054671,1,9,4,drilling
180029-4-14-0.wav,180029,34.70171,35.72335,1,9,4,drilling
180029-4-15-0.wav,180029,36.166061,37.119592,1,9,4,drilling
180029-4-16-0.wav,180029,37.766631,41.766631,1,9,4,drilling
180029-4-19-0.wav,180029,49.243055,53.243055,1,9,4,drilling
180029-4-2-0.wav,180029,5.414693,8.649887,1,9,4,drilling
180029-4-20-0.wav,180029,57.348067,59.595675,1,9,4,drilling
180029-4-4-0.wav,180029,13.758087,16.925172,1,9,4,drilling
180029-4-5-0.wav,180029,17.742484,20.228475,1,9,4,drilling
180029-4-6-0.wav,180029,20.77335,22.714466,1,9,4,drilling
180029-4-7-0.wav,180029,23.32745,24.34909,1,9,4,drilling
180029-4-8-0.wav,180029,24.85991,26.085878,1,9,4,drilling
180029-4-9-0.wav,180029,26.494534,28.708088,1,9,4,drilling
180052-3-0-0.wav,180052,0.0,4.0,1,5,3,dog_bark
180052-3-0-1.wav,180052,0.5,4.5,1,5,3,dog_bark
180052-3-0-3.wav,180052,1.5,5.5,1,5,3,dog_bark
180052-3-0-4.wav,180052,2.0,6.0,1,5,3,dog_bark
180057-9-0-11.wav,180057,5.5,9.5,2,3,9,street_music
180057-9-0-20.wav,180057,10.0,14.0,2,3,9,street_music
180057-9-0-34.wav,180057,17.0,21.0,2,3,9,street_music
180057-9-0-36.wav,180057,18.0,22.0,2,3,9,street_music
180057-9-0-5.wav,180057,2.5,6.5,2,3,9,street_music
180057-9-0-7.wav,180057,3.5,7.5,2,3,9,street_music
180125-4-0-16.wav,180125,8.0,12.0,1,5,4,drilling
180125-4-0-17.wav,180125,8.5,12.5,1,5,4,drilling
180125-4-1-3.wav,180125,42.348486,46.348486,1,5,4,drilling
180125-4-1-5.wav,180125,43.348486,47.348486,1,5,4,drilling
180125-4-1-7.wav,180125,44.348486,48.348486,1,5,4,drilling
180125-4-1-8.wav,180125,44.848486,48.848486,1,5,4,drilling
180125-4-2-1.wav,180125,73.47305,77.47305,1,5,4,drilling
180125-4-2-13.wav,180125,79.47305,83.47305,1,5,4,drilling
180125-4-2-14.wav,180125,79.97305,83.97305,1,5,4,drilling
180125-4-2-15.wav,180125,80.47305,84.47305,1,5,4,drilling
180125-4-2-17.wav,180125,81.47305,85.47305,1,5,4,drilling
180125-4-3-0.wav,180125,115.566321,119.566321,1,5,4,drilling
180125-4-3-1.wav,180125,116.066321,120.066321,1,5,4,drilling
180125-4-3-10.wav,180125,120.566321,124.566321,1,5,4,drilling
180125-4-3-2.wav,180125,116.566321,120.566321,1,5,4,drilling
180125-4-3-22.wav,180125,126.566321,130.56632100000002,1,5,4,drilling
180125-4-3-24.wav,180125,127.566321,131.56632100000002,1,5,4,drilling
180125-4-3-4.wav,180125,117.566321,121.566321,1,5,4,drilling
180126-4-0-0.wav,180126,14.22063,17.254364,1,2,4,drilling
180126-4-1-0.wav,180126,19.285883,23.285883,1,2,4,drilling
180126-4-1-1.wav,180126,19.785883,23.785883,1,2,4,drilling
180126-4-1-2.wav,180126,20.285883,24.285883,1,2,4,drilling
180126-4-2-0.wav,180126,30.012301,32.070906,1,2,4,drilling
180126-4-3-0.wav,180126,32.233428,36.233428,1,2,4,drilling
180126-4-4-0.wav,180126,38.138375,42.138375,1,2,4,drilling
180126-4-4-1.wav,180126,38.638375,42.638375,1,2,4,drilling
180126-4-4-2.wav,180126,39.138375,43.138375,1,2,4,drilling
180127-4-0-0.wav,180127,0.677342,4.677342,1,10,4,drilling
180127-4-0-1.wav,180127,1.177342,5.177342,1,10,4,drilling
180127-4-0-10.wav,180127,5.677342,9.677342,1,10,4,drilling
180127-4-0-11.wav,180127,6.177342,10.177342,1,10,4,drilling
180127-4-0-12.wav,180127,6.677342,10.677342,1,10,4,drilling
180127-4-0-13.wav,180127,7.177342,11.177342,1,10,4,drilling
180127-4-0-14.wav,180127,7.677342,11.677342,1,10,4,drilling
180127-4-0-15.wav,180127,8.177342,12.177342,1,10,4,drilling
180127-4-0-16.wav,180127,8.677342,12.677342,1,10,4,drilling
180127-4-0-17.wav,180127,9.177342,13.177342,1,10,4,drilling
180127-4-0-18.wav,180127,9.677342,13.677342,1,10,4,drilling
180127-4-0-19.wav,180127,10.177342,14.177342,1,10,4,drilling
180127-4-0-2.wav,180127,1.677342,5.677342,1,10,4,drilling
180127-4-0-20.wav,180127,10.677342,14.677342,1,10,4,drilling
180127-4-0-21.wav,180127,11.177342,15.177342,1,10,4,drilling
180127-4-0-3.wav,180127,2.177342,6.177342,1,10,4,drilling
180127-4-0-4.wav,180127,2.677342,6.677342,1,10,4,drilling
180127-4-0-5.wav,180127,3.177342,7.177342,1,10,4,drilling
180127-4-0-6.wav,180127,3.677342,7.677341999999999,1,10,4,drilling
180127-4-0-7.wav,180127,4.177342,8.177342,1,10,4,drilling
180127-4-0-8.wav,180127,4.677342,8.677342,1,10,4,drilling
180127-4-0-9.wav,180127,5.177342,9.177342,1,10,4,drilling
180128-4-0-0.wav,180128,0.0,4.0,1,5,4,drilling
180128-4-11-0.wav,180128,88.332836,92.332836,1,5,4,drilling
180128-4-11-1.wav,180128,88.832836,92.832836,1,5,4,drilling
180128-4-12-0.wav,180128,96.646515,100.646515,1,5,4,drilling
180128-4-13-0.wav,180128,102.961713,106.961713,1,5,4,drilling
180128-4-14-0.wav,180128,107.838005,111.838005,1,5,4,drilling
180128-4-16-1.wav,180128,121.048341,125.048341,1,5,4,drilling
180128-4-17-0.wav,180128,128.542263,132.542263,1,5,4,drilling
180128-4-4-0.wav,180128,25.260793,29.260793,1,5,4,drilling
180128-4-5-0.wav,180128,33.73435,37.73435,1,5,4,drilling
180128-4-6-0.wav,180128,42.767482,46.767482,1,5,4,drilling
180128-4-6-1.wav,180128,43.267482,47.267482,1,5,4,drilling
180128-4-6-2.wav,180128,43.767482,47.767482,1,5,4,drilling
180128-4-7-0.wav,180128,52.280249,56.280249,1,5,4,drilling
180128-4-7-2.wav,180128,53.280249,57.280249,1,5,4,drilling
180128-4-7-3.wav,180128,53.780249,57.780249,1,5,4,drilling
180128-4-7-4.wav,180128,54.280249,58.280249,1,5,4,drilling
180128-4-7-5.wav,180128,54.780249,58.780249,1,5,4,drilling
180128-4-9-0.wav,180128,75.70244,79.70244,1,5,4,drilling
180132-4-0-0.wav,180132,0.355545,3.806421,1,8,4,drilling
180132-4-1-0.wav,180132,6.65078,10.248058,1,8,4,drilling
180132-4-2-0.wav,180132,11.231035,13.636191,1,8,4,drilling
180132-4-3-0.wav,180132,28.192616,32.192616,1,8,4,drilling
180134-4-1-3.wav,180134,11.981716,15.981716,1,8,4,drilling
180134-4-1-7.wav,180134,13.981716,17.981716,1,8,4,drilling
180134-4-1-8.wav,180134,14.481716,18.481716,1,8,4,drilling
180134-4-1-9.wav,180134,14.981716,18.981716,1,8,4,drilling
180134-4-2-0.wav,180134,41.87811,45.87811,1,8,4,drilling
180134-4-2-1.wav,180134,42.37811,46.37811,1,8,4,drilling
180134-4-2-11.wav,180134,47.37811,51.37811,1,8,4,drilling
180134-4-2-13.wav,180134,48.37811,52.37811,1,8,4,drilling
180134-4-2-15.wav,180134,49.37811,53.37811,1,8,4,drilling
180134-4-2-16.wav,180134,49.87811,53.87811,1,8,4,drilling
180134-4-2-17.wav,180134,50.37811,54.37811,1,8,4,drilling
180134-4-2-19.wav,180134,51.37811,55.37811,1,8,4,drilling
180134-4-2-3.wav,180134,43.37811,47.37811,1,8,4,drilling
180134-4-2-4.wav,180134,43.87811,47.87811,1,8,4,drilling
180134-4-2-5.wav,180134,44.37811,48.37811,1,8,4,drilling
180134-4-2-6.wav,180134,44.87811,48.87811,1,8,4,drilling
180134-4-2-9.wav,180134,46.37811,50.37811,1,8,4,drilling
180256-3-0-0.wav,180256,0.0,4.0,1,1,3,dog_bark
180256-3-0-1.wav,180256,0.5,4.5,1,1,3,dog_bark
180256-3-0-2.wav,180256,1.0,5.0,1,1,3,dog_bark
180256-3-0-3.wav,180256,1.5,5.5,1,1,3,dog_bark
180257-3-0-1.wav,180257,0.5,4.5,1,7,3,dog_bark
180257-3-0-3.wav,180257,1.5,5.5,1,7,3,dog_bark
180257-3-0-4.wav,180257,2.0,6.0,1,7,3,dog_bark
180257-3-0-5.wav,180257,2.5,6.5,1,7,3,dog_bark
180937-4-0-11.wav,180937,5.5,9.5,2,9,4,drilling
180937-4-0-13.wav,180937,6.5,10.5,2,9,4,drilling
180937-4-0-14.wav,180937,7.0,11.0,2,9,4,drilling
180937-4-0-19.wav,180937,9.5,13.5,2,9,4,drilling
180937-4-0-20.wav,180937,10.0,14.0,2,9,4,drilling
180937-4-1-12.wav,180937,309.481213,313.481213,2,9,4,drilling
180937-4-1-20.wav,180937,313.481213,317.481213,2,9,4,drilling
180937-4-1-27.wav,180937,316.981213,320.981213,2,9,4,drilling
180937-4-1-30.wav,180937,318.481213,322.481213,2,9,4,drilling
180937-4-1-46.wav,180937,326.481213,330.481213,2,9,4,drilling
180937-4-1-47.wav,180937,326.981213,330.981213,2,9,4,drilling
180937-4-1-54.wav,180937,330.481213,334.481213,2,9,4,drilling
180937-4-2-1.wav,180937,490.081285,494.081285,2,9,4,drilling
180937-4-2-2.wav,180937,490.581285,494.581285,2,9,4,drilling
180937-4-3-12.wav,180937,540.29791,544.29791,1,9,4,drilling
180937-4-3-9.wav,180937,538.79791,542.79791,1,9,4,drilling
180977-3-1-0.wav,180977,10.726049,14.726049,1,4,3,dog_bark
180977-3-1-1.wav,180977,11.226049,15.226049,1,4,3,dog_bark
180977-3-1-5.wav,180977,13.226049,17.226049,1,4,3,dog_bark
181102-9-0-111.wav,181102,63.461224,67.461224,1,7,9,street_music
181102-9-0-117.wav,181102,66.461224,70.461224,1,7,9,street_music
181102-9-0-23.wav,181102,19.461224,23.461224,1,7,9,street_music
181102-9-0-26.wav,181102,20.961224,24.961224,1,7,9,street_music
181102-9-0-50.wav,181102,32.961224,36.961224,1,7,9,street_music
181102-9-0-97.wav,181102,56.461224,60.461224,1,7,9,street_music
181624-4-0-0.wav,181624,0.161546,2.469352,1,10,4,drilling
181624-4-1-0.wav,181624,3.392474,7.392474,1,10,4,drilling
181624-4-10-0.wav,181624,38.171107,40.455835,1,10,4,drilling
181624-4-2-0.wav,181624,8.538881,11.192858,1,10,4,drilling
181624-4-3-0.wav,181624,11.862122,12.508307,1,10,4,drilling
181624-4-4-0.wav,181624,13.108337,14.308396,1,10,4,drilling
181624-4-5-0.wav,181624,20.67794,21.116423,1,10,4,drilling
181624-4-6-0.wav,181624,21.554906,22.108779,1,10,4,drilling
181624-4-7-0.wav,181624,27.255186,27.716747,1,10,4,drilling
181624-4-8-0.wav,181624,29.009118,30.739973,1,10,4,drilling
181624-4-9-0.wav,181624,35.817145,37.77878,1,10,4,drilling
181725-3-0-16.wav,181725,8.0,12.0,1,5,3,dog_bark
181725-3-0-22.wav,181725,11.0,15.0,1,5,3,dog_bark
181725-3-0-37.wav,181725,18.5,22.5,1,5,3,dog_bark
182103-9-0-0.wav,182103,0.0,4.0,1,3,9,street_music
182103-9-0-22.wav,182103,11.0,15.0,1,3,9,street_music
182103-9-0-26.wav,182103,13.0,17.0,1,3,9,street_music
182103-9-0-47.wav,182103,23.5,27.5,1,3,9,street_music
182103-9-0-53.wav,182103,26.5,30.5,1,3,9,street_music
182103-9-0-8.wav,182103,4.0,8.0,1,3,9,street_music
183989-3-1-18.wav,183989,80.176471,84.176471,2,4,3,dog_bark
183989-3-1-21.wav,183989,81.676471,85.676471,2,4,3,dog_bark
183989-3-1-23.wav,183989,82.676471,86.676471,2,4,3,dog_bark
183989-3-1-25.wav,183989,83.676471,87.676471,2,4,3,dog_bark
183992-3-0-10.wav,183992,5.0,9.0,1,7,3,dog_bark
183992-3-0-3.wav,183992,1.5,5.5,1,7,3,dog_bark
183992-3-0-6.wav,183992,3.0,7.0,1,7,3,dog_bark
183992-3-0-9.wav,183992,4.5,8.5,1,7,3,dog_bark
18453-3-0-0.wav,18453,9.13085,9.937155,2,2,3,dog_bark
184575-3-0-0.wav,184575,0.0,4.0,1,9,3,dog_bark
184575-3-0-1.wav,184575,0.5,4.5,1,9,3,dog_bark
184575-3-0-2.wav,184575,1.0,5.0,1,9,3,dog_bark
184575-3-0-3.wav,184575,1.5,5.5,1,9,3,dog_bark
184725-3-0-1.wav,184725,0.5,4.5,1,3,3,dog_bark
184725-3-0-2.wav,184725,1.0,5.0,1,3,3,dog_bark
184725-3-0-4.wav,184725,2.0,6.0,1,3,3,dog_bark
184725-3-0-5.wav,184725,2.5,6.5,1,3,3,dog_bark
185373-9-0-21.wav,185373,10.5,14.5,2,3,9,street_music
185373-9-0-6.wav,185373,3.0,7.0,2,3,9,street_music
185373-9-1-17.wav,185373,138.293638,142.293638,2,3,9,street_music
185373-9-1-46.wav,185373,152.793638,156.793638,2,3,9,street_music
185373-9-1-7.wav,185373,133.293638,137.293638,2,3,9,street_music
185373-9-1-70.wav,185373,164.793638,168.793638,2,3,9,street_music
185374-9-0-16.wav,185374,15.766465,19.766465,1,9,9,street_music
185374-9-0-18.wav,185374,16.766465,20.766465,1,9,9,street_music
185374-9-0-23.wav,185374,19.266465,23.266465,1,9,9,street_music
185374-9-0-30.wav,185374,22.766465,26.766465,1,9,9,street_music
185374-9-0-33.wav,185374,24.266465,28.266465,1,9,9,street_music
185374-9-0-35.wav,185374,25.266465,29.266465,1,9,9,street_music
185374-9-0-60.wav,185374,37.766465,41.766465,1,9,9,street_music
185375-9-0-23.wav,185375,11.5,15.5,2,3,9,street_music
185375-9-0-26.wav,185375,13.0,17.0,2,3,9,street_music
185375-9-0-33.wav,185375,16.5,20.5,2,3,9,street_music
185375-9-0-60.wav,185375,30.0,34.0,2,3,9,street_music
185375-9-0-61.wav,185375,30.5,34.5,2,3,9,street_music
185375-9-0-84.wav,185375,42.0,46.0,2,3,9,street_music
185800-4-0-0.wav,185800,0.0,4.0,1,2,4,drilling
185800-4-0-1.wav,185800,0.5,4.5,1,2,4,drilling
185800-4-1-0.wav,185800,7.019837,8.327131,2,2,4,drilling
185800-4-2-0.wav,185800,9.14007,13.14007,2,2,4,drilling
185800-4-2-1.wav,185800,9.64007,13.64007,2,2,4,drilling
185800-4-2-2.wav,185800,10.14007,14.14007,2,2,4,drilling
185801-4-0-0.wav,185801,0.088953,4.088953,2,3,4,drilling
185801-4-0-1.wav,185801,0.5889530000000001,4.588953,2,3,4,drilling
185801-4-0-2.wav,185801,1.088953,5.088953,2,3,4,drilling
18581-3-0-0.wav,18581,40.693758,44.693758,2,2,3,dog_bark
18581-3-0-5.wav,18581,43.193758,47.193758,2,2,3,dog_bark
18581-3-1-1.wav,18581,64.21059,68.21059,2,2,3,dog_bark
18581-3-1-3.wav,18581,65.21059,69.21059,2,2,3,dog_bark
186336-9-0-0.wav,186336,10.288126,14.288126,2,3,9,street_music
186336-9-0-1.wav,186336,10.788126,14.788126,2,3,9,street_music
186336-9-0-2.wav,186336,11.288126,15.288126,2,3,9,street_music
186336-9-0-3.wav,186336,11.788126,15.788126,2,3,9,street_music
186336-9-0-4.wav,186336,12.288126,16.288126,2,3,9,street_music
186339-9-0-1.wav,186339,0.5,4.5,2,3,9,street_music
186339-9-0-12.wav,186339,6.0,10.0,2,3,9,street_music
186339-9-0-17.wav,186339,8.5,12.5,2,3,9,street_music
186339-9-0-18.wav,186339,9.0,13.0,2,3,9,street_music
186339-9-0-3.wav,186339,1.5,5.5,2,3,9,street_music
186339-9-0-7.wav,186339,3.5,7.5,2,3,9,street_music
187377-4-0-0.wav,187377,0.0,4.0,1,4,4,drilling
187377-4-0-1.wav,187377,0.5,4.5,1,4,4,drilling
187378-3-0-12.wav,187378,6.0,10.0,1,9,3,dog_bark
187378-3-0-19.wav,187378,9.5,13.5,1,9,3,dog_bark
187378-3-0-30.wav,187378,15.0,19.0,1,9,3,dog_bark
187378-3-0-7.wav,187378,3.5,7.5,1,9,3,dog_bark
187863-4-0-0.wav,187863,0.0,4.0,1,10,4,drilling
187863-4-0-1.wav,187863,0.5,4.5,1,10,4,drilling
187863-4-0-2.wav,187863,1.0,5.0,1,10,4,drilling
187863-4-0-3.wav,187863,1.5,5.5,1,10,4,drilling
187863-4-0-4.wav,187863,2.0,6.0,1,10,4,drilling
187863-4-0-5.wav,187863,2.5,6.5,1,10,4,drilling
189825-9-0-0.wav,189825,0.0,4.0,1,8,9,street_music
189825-9-0-1.wav,189825,0.5,4.5,1,8,9,street_music
189825-9-0-2.wav,189825,1.0,5.0,1,8,9,street_music
189825-9-0-3.wav,189825,1.5,5.5,1,8,9,street_music
189825-9-0-5.wav,189825,2.5,6.5,1,8,9,street_music
189825-9-0-7.wav,189825,3.5,7.5,1,8,9,street_music
189846-3-0-0.wav,189846,13.241992,14.358787,2,8,3,dog_bark
189846-3-1-0.wav,189846,17.230544,18.586652,2,8,3,dog_bark
189846-3-3-0.wav,189846,26.404213,27.32158,2,8,3,dog_bark
189846-3-4-0.wav,189846,28.159176,28.956887,2,8,3,dog_bark
189895-3-0-0.wav,189895,0.0,4.0,1,5,3,dog_bark
19007-4-0-0.wav,19007,0.0,4.0,2,5,4,drilling
190680-3-1-0.wav,190680,5.960838,7.49752,2,6,3,dog_bark
190680-3-4-0.wav,190680,21.352441,25.352441,2,6,3,dog_bark
190680-3-6-0.wav,190680,36.24834,40.24834,2,6,3,dog_bark
190996-3-0-0.wav,190996,12.510494,16.510494,2,8,3,dog_bark
190996-3-0-1.wav,190996,13.010494,17.010494,2,8,3,dog_bark
190996-3-0-8.wav,190996,16.510494,20.510494,2,8,3,dog_bark
191382-3-0-0.wav,191382,0.61858,4.61858,1,5,3,dog_bark
191382-3-0-5.wav,191382,3.11858,7.11858,1,5,3,dog_bark
191382-3-1-0.wav,191382,28.636596,32.636596,1,5,3,dog_bark
191382-3-1-1.wav,191382,29.136596,33.136596,1,5,3,dog_bark
191431-9-0-26.wav,191431,19.303963,23.303963,1,1,9,street_music
191431-9-0-30.wav,191431,21.303963,25.303963,1,1,9,street_music
191431-9-0-61.wav,191431,36.803963,40.803963,1,1,9,street_music
191431-9-0-66.wav,191431,39.303963,43.303963,1,1,9,street_music
191431-9-0-73.wav,191431,42.803963,46.803963,1,1,9,street_music
191431-9-0-8.wav,191431,10.303963,14.303963,1,1,9,street_music
191687-3-0-0.wav,191687,0.0,4.0,1,7,3,dog_bark
191687-3-0-11.wav,191687,5.5,9.5,1,7,3,dog_bark
191687-3-0-15.wav,191687,7.5,11.5,1,7,3,dog_bark
191687-3-0-5.wav,191687,2.5,6.5,1,7,3,dog_bark
19218-3-0-0.wav,19218,55.750425,59.750425,2,2,3,dog_bark
192236-3-0-2.wav,192236,4.506272,8.506272,1,7,3,dog_bark
192236-3-0-4.wav,192236,5.506272,9.506272,1,7,3,dog_bark
192236-3-0-6.wav,192236,6.506272,10.506272,1,7,3,dog_bark
192236-3-0-8.wav,192236,7.506272,11.506272,1,7,3,dog_bark
193394-3-0-10.wav,193394,5.0,9.0,1,1,3,dog_bark
193394-3-0-11.wav,193394,5.5,9.5,1,1,3,dog_bark
193394-3-0-4.wav,193394,2.0,6.0,1,1,3,dog_bark
193394-3-0-7.wav,193394,3.5,7.5,1,1,3,dog_bark
194310-9-0-15.wav,194310,7.5,11.5,2,9,9,street_music
194310-9-0-3.wav,194310,1.5,5.5,2,9,9,street_music
194310-9-0-35.wav,194310,17.5,21.5,2,9,9,street_music
194310-9-0-7.wav,194310,3.5,7.5,2,9,9,street_music
194310-9-0-73.wav,194310,36.5,40.5,2,9,9,street_music
194310-9-0-8.wav,194310,4.0,8.0,2,9,9,street_music
194321-9-0-100.wav,194321,50.0,54.0,1,6,9,street_music
194321-9-0-126.wav,194321,63.0,67.0,1,6,9,street_music
194321-9-0-150.wav,194321,75.0,79.0,1,6,9,street_music
194321-9-0-241.wav,194321,120.5,124.5,1,6,9,street_music
194321-9-0-6.wav,194321,3.0,7.0,1,6,9,street_music
194321-9-0-61.wav,194321,30.5,34.5,1,6,9,street_music
194458-9-0-2.wav,194458,1.0,5.0,2,4,9,street_music
194458-9-0-34.wav,194458,17.0,21.0,2,4,9,street_music
194458-9-1-122.wav,194458,163.261507,167.261507,2,4,9,street_music
194458-9-1-75.wav,194458,139.761507,143.761507,2,4,9,street_music
194458-9-1-91.wav,194458,147.761507,151.761507,2,4,9,street_music
194732-9-0-126.wav,194732,57.235978,61.235978,1,1,9,street_music
194732-9-0-163.wav,194732,75.735978,79.735978,1,1,9,street_music
194732-9-0-171.wav,194732,79.735978,83.735978,1,1,9,street_music
194732-9-0-175.wav,194732,81.735978,85.735978,1,1,9,street_music
194732-9-0-191.wav,194732,89.735978,93.735978,1,1,9,street_music
194732-9-0-41.wav,194732,14.735978,18.735978,1,1,9,street_music
194732-9-0-95.wav,194732,41.735978,45.735978,1,1,9,street_music
194733-9-0-1.wav,194733,0.5,4.5,1,8,9,street_music
194733-9-0-10.wav,194733,5.0,9.0,1,8,9,street_music
194733-9-0-11.wav,194733,5.5,9.5,1,8,9,street_music
194733-9-0-12.wav,194733,6.0,10.0,1,8,9,street_music
194733-9-0-14.wav,194733,7.0,11.0,1,8,9,street_music
194733-9-0-16.wav,194733,8.0,12.0,1,8,9,street_music
194733-9-0-7.wav,194733,3.5,7.5,1,8,9,street_music
194753-3-0-0.wav,194753,0.0,0.752941,2,6,3,dog_bark
194753-3-1-0.wav,194753,2.917647,4.729412,2,6,3,dog_bark
194753-3-2-0.wav,194753,8.235294,9.2,2,6,3,dog_bark
194753-3-3-0.wav,194753,13.105882,13.858824,2,6,3,dog_bark
194754-3-0-0.wav,194754,0.312357,4.312357,1,7,3,dog_bark
194754-3-0-1.wav,194754,0.812357,4.812357,1,7,3,dog_bark
194754-3-0-2.wav,194754,1.312357,5.312357,1,7,3,dog_bark
194841-9-0-130.wav,194841,65.0,69.0,1,2,9,street_music
194841-9-0-144.wav,194841,72.0,76.0,1,2,9,street_music
194841-9-0-164.wav,194841,82.0,86.0,1,2,9,street_music
194841-9-0-178.wav,194841,89.0,93.0,1,2,9,street_music
194841-9-0-222.wav,194841,111.0,115.0,1,2,9,street_music
194841-9-0-48.wav,194841,24.0,28.0,1,2,9,street_music
194910-9-0-108.wav,194910,54.0,58.0,1,5,9,street_music
194910-9-0-26.wav,194910,13.0,17.0,1,5,9,street_music
194910-9-0-5.wav,194910,2.5,6.5,1,5,9,street_music
194910-9-0-63.wav,194910,31.5,35.5,1,5,9,street_music
194910-9-0-65.wav,194910,32.5,36.5,1,5,9,street_music
19496-3-0-0.wav,19496,32.082004,36.082004,2,3,3,dog_bark
19496-3-1-0.wav,19496,41.420638,45.420638,2,3,3,dog_bark
19496-3-1-1.wav,19496,41.920638,45.920638,2,3,3,dog_bark
19503-3-0-0.wav,19503,0.126733,4.087129,2,5,3,dog_bark
19503-3-1-0.wav,19503,19.152475,21.544554,2,5,3,dog_bark
19503-3-2-0.wav,19503,23.112871,23.809901,2,5,3,dog_bark
195063-4-0-0.wav,195063,1.610715,5.610715,1,10,4,drilling
195063-4-1-0.wav,195063,7.749512,11.749512,1,10,4,drilling
196127-3-0-0.wav,196127,0.0,4.0,1,10,3,dog_bark
196127-3-0-1.wav,196127,0.5,4.5,1,10,3,dog_bark
196127-3-0-3.wav,196127,1.5,5.5,1,10,3,dog_bark
196127-3-0-4.wav,196127,2.0,6.0,1,10,3,dog_bark
196384-9-0-11.wav,196384,5.5,9.5,1,2,9,street_music
196384-9-0-15.wav,196384,7.5,11.5,1,2,9,street_music
196384-9-0-16.wav,196384,8.0,12.0,1,2,9,street_music
196384-9-0-18.wav,196384,9.0,13.0,1,2,9,street_music
196384-9-0-2.wav,196384,1.0,5.0,1,2,9,street_music
196384-9-0-27.wav,196384,13.5,17.5,1,2,9,street_music
196561-3-0-16.wav,196561,8.0,12.0,1,8,3,dog_bark
196561-3-0-29.wav,196561,14.5,18.5,1,8,3,dog_bark
196561-3-0-44.wav,196561,22.0,26.0,1,8,3,dog_bark
196561-3-0-9.wav,196561,4.5,8.5,1,8,3,dog_bark
197073-3-0-0.wav,197073,0.0,0.6576,1,1,3,dog_bark
197073-3-3-0.wav,197073,6.653365,7.610753,1,1,3,dog_bark
197073-3-4-3.wav,197073,11.209271,15.209271,1,1,3,dog_bark
197073-3-7-0.wav,197073,29.031106,33.031106,1,1,3,dog_bark
197074-3-0-4.wav,197074,2.0,6.0,1,3,3,dog_bark
197074-3-0-5.wav,197074,2.5,6.5,1,3,3,dog_bark
197074-3-0-6.wav,197074,3.0,7.0,1,3,3,dog_bark
197075-3-1-1.wav,197075,16.753779,20.753779,2,6,3,dog_bark
197075-3-4-1.wav,197075,46.566409,50.566409,2,6,3,dog_bark
197075-3-6-0.wav,197075,63.920301,67.920301,2,6,3,dog_bark
197075-3-7-5.wav,197075,77.031576,81.031576,2,6,3,dog_bark
197080-3-0-1.wav,197080,0.5,4.5,1,7,3,dog_bark
197080-3-0-6.wav,197080,3.0,7.0,1,7,3,dog_bark
197080-3-0-7.wav,197080,3.5,7.5,1,7,3,dog_bark
197080-3-1-0.wav,197080,22.422118,26.422118,1,7,3,dog_bark
197243-3-0-0.wav,197243,0.407216,1.042196,1,5,3,dog_bark
197243-3-1-0.wav,197243,2.149961,2.733176,1,5,3,dog_bark
199261-3-0-0.wav,199261,0.211116,4.211116,1,10,3,dog_bark
199261-3-0-1.wav,199261,0.711116,4.711116,1,10,3,dog_bark
199261-3-0-2.wav,199261,1.211116,5.2111160000000005,1,10,3,dog_bark
199261-3-0-4.wav,199261,2.211116,6.2111160000000005,1,10,3,dog_bark
199929-4-0-0.wav,199929,0.0,2.349659,1,4,4,drilling
199929-4-1-0.wav,199929,3.013303,5.793434,1,4,4,drilling
199929-4-2-0.wav,199929,6.522845,10.050322,1,4,4,drilling
20015-3-0-12.wav,20015,29.26305,33.26305,2,5,3,dog_bark
20015-3-0-14.wav,20015,30.26305,34.26305,2,5,3,dog_bark
20015-3-0-19.wav,20015,32.76305,36.76305,2,5,3,dog_bark
20015-3-0-4.wav,20015,25.26305,29.26305,2,5,3,dog_bark
200161-3-6-0.wav,200161,37.617328,41.617328,1,3,3,dog_bark
200161-3-6-3.wav,200161,39.117328,43.117328,1,3,3,dog_bark
200161-3-6-4.wav,200161,39.617328,43.617328,1,3,3,dog_bark
200161-3-7-0.wav,200161,55.340876,56.104476,1,3,3,dog_bark
201207-3-0-0.wav,201207,0.0,2.083529,1,4,3,dog_bark
201207-3-13-0.wav,201207,62.777647,65.072549,1,4,3,dog_bark
201207-3-21-0.wav,201207,102.48549,105.41451,1,4,3,dog_bark
201207-3-29-0.wav,201207,140.774118,144.774118,1,4,3,dog_bark
202334-9-0-105.wav,202334,52.5,56.5,1,10,9,street_music
202334-9-0-106.wav,202334,53.0,57.0,1,10,9,street_music
202334-9-0-137.wav,202334,68.5,72.5,1,10,9,street_music
202334-9-0-202.wav,202334,101.0,105.0,1,10,9,street_music
202334-9-0-63.wav,202334,31.5,35.5,1,10,9,street_music
202334-9-0-88.wav,202334,44.0,48.0,1,10,9,street_music
20285-3-0-0.wav,20285,1.940273,5.940273,1,5,3,dog_bark
20285-3-1-0.wav,20285,8.837448,12.837448,1,5,3,dog_bark
20285-3-1-1.wav,20285,9.337448,13.337448,1,5,3,dog_bark
20285-3-2-0.wav,20285,18.510488,19.062828,1,5,3,dog_bark
203128-3-1-0.wav,203128,3.414972,5.302693,1,2,3,dog_bark
203128-3-3-0.wav,203128,10.083655,10.529498,1,2,3,dog_bark
203128-3-6-0.wav,203128,13.517599,15.291487,1,2,3,dog_bark
203128-3-9-0.wav,203128,19.607633,21.40998,1,2,3,dog_bark
203355-3-0-0.wav,203355,42.985765,44.114,2,6,3,dog_bark
203355-3-1-0.wav,203355,47.291863,48.250863,2,6,3,dog_bark
203356-3-0-0.wav,203356,37.465647,41.465647,2,1,3,dog_bark
203356-3-0-1.wav,203356,37.965647,41.965647,2,1,3,dog_bark
203356-3-0-2.wav,203356,38.465647,42.465647,2,1,3,dog_bark
203356-3-0-3.wav,203356,38.965647,42.965647,2,1,3,dog_bark
203424-9-0-15.wav,203424,7.5,11.5,1,10,9,street_music
203424-9-0-18.wav,203424,9.0,13.0,1,10,9,street_music
203424-9-0-26.wav,203424,13.0,17.0,1,10,9,street_music
203424-9-0-34.wav,203424,17.0,21.0,1,10,9,street_music
203424-9-0-4.wav,203424,2.0,6.0,1,10,9,street_music
203424-9-0-46.wav,203424,23.0,27.0,1,10,9,street_music
203440-3-0-0.wav,203440,23.509202,27.509202,2,1,3,dog_bark
203440-3-0-1.wav,203440,24.009202,28.009202,2,1,3,dog_bark
203440-3-0-5.wav,203440,26.009202,30.009202,2,1,3,dog_bark
203440-3-0-6.wav,203440,26.509202,30.509202,2,1,3,dog_bark
203516-3-0-0.wav,203516,7.554407,9.492609,2,5,3,dog_bark
203654-9-0-15.wav,203654,7.5,11.5,2,5,9,street_music
203654-9-0-28.wav,203654,14.0,18.0,2,5,9,street_music
203654-9-0-39.wav,203654,19.5,23.5,2,5,9,street_music
203654-9-0-42.wav,203654,21.0,25.0,2,5,9,street_music
203654-9-0-60.wav,203654,30.0,34.0,2,5,9,street_music
203654-9-0-8.wav,203654,4.0,8.0,2,5,9,street_music
204773-3-7-1.wav,204773,22.362283,26.362283,1,2,3,dog_bark
204773-3-8-0.wav,204773,32.595476,36.595476,1,2,3,dog_bark
204773-3-9-0.wav,204773,42.184968,46.184968,1,2,3,dog_bark
204773-3-9-1.wav,204773,42.684968,46.684968,1,2,3,dog_bark
204919-3-0-0.wav,204919,3.974607,6.064957,2,6,3,dog_bark
204919-3-1-0.wav,204919,10.451745,14.451745,2,6,3,dog_bark
204919-3-3-0.wav,204919,25.525812,26.497383,2,6,3,dog_bark
204919-3-4-0.wav,204919,33.062846,34.093299,2,6,3,dog_bark
205610-4-0-0.wav,205610,0.172531,4.172531,1,8,4,drilling
205610-4-0-1.wav,205610,0.672531,4.672531,1,8,4,drilling
205610-4-0-2.wav,205610,1.172531,5.172531,1,8,4,drilling
205610-4-0-3.wav,205610,1.672531,5.672531,1,8,4,drilling
205610-4-0-4.wav,205610,2.172531,6.172531,1,8,4,drilling
205610-4-0-5.wav,205610,2.672531,6.672531,1,8,4,drilling
20571-3-0-0.wav,20571,11.239642,14.185956,2,10,3,dog_bark
20571-3-1-0.wav,20571,73.985218,77.985218,2,10,3,dog_bark
205874-4-0-0.wav,205874,0.544125,2.656608,1,5,4,drilling
205874-4-1-0.wav,205874,2.976682,4.721081,1,5,4,drilling
205874-4-10-0.wav,205874,22.453142,23.893472,1,5,4,drilling
205874-4-11-0.wav,205874,24.837688,25.461831,1,5,4,drilling
205874-4-2-0.wav,205874,5.057158,6.833565,1,5,4,drilling
205874-4-3-0.wav,205874,7.137635,7.969825,1,5,4,drilling
205874-4-4-0.wav,205874,8.33791,9.058074,1,5,4,drilling
205874-4-5-0.wav,205874,9.234115,9.95428,1,5,4,drilling
205874-4-6-0.wav,205874,10.450393,12.402841,1,5,4,drilling
205874-4-7-0.wav,205874,13.058991,16.403757,1,5,4,drilling
205874-4-8-0.wav,205874,17.443995,18.804307,1,5,4,drilling
205874-4-9-0.wav,205874,20.612721,21.636955,1,5,4,drilling
205878-4-0-0.wav,205878,0.376207,3.385864,1,5,4,drilling
207124-3-0-0.wav,207124,0.0,1.04291,1,3,3,dog_bark
207124-3-1-0.wav,207124,2.736347,5.596604,1,3,3,dog_bark
207124-3-2-0.wav,207124,6.84603,10.84603,1,3,3,dog_bark
207369-3-0-0.wav,207369,34.995645,35.947188,1,8,3,dog_bark
207962-3-0-0.wav,207962,0.469835,1.066165,1,7,3,dog_bark
207962-3-1-0.wav,207962,1.608282,2.300988,1,7,3,dog_bark
207962-3-2-0.wav,207962,4.071906,5.499482,1,7,3,dog_bark
208030-3-0-0.wav,208030,0.180372,2.119367,1,6,3,dog_bark
208030-3-1-0.wav,208030,2.48011,3.847929,1,6,3,dog_bark
208030-3-2-0.wav,208030,4.223703,5.471274,1,6,3,dog_bark
208030-3-4-0.wav,208030,7.771013,10.897455,1,6,3,dog_bark
20841-3-2-0.wav,20841,7.756822,8.584532,2,3,3,dog_bark
20841-3-3-0.wav,20841,10.831172,11.989966,2,3,3,dog_bark
20841-3-4-0.wav,20841,15.560942,16.719735,2,3,3,dog_bark
20841-3-6-0.wav,20841,29.608358,30.223228,2,3,3,dog_bark
209672-3-0-0.wav,209672,0.735508,2.25906,1,10,3,dog_bark
209672-3-3-0.wav,209672,8.458342,9.036241,1,10,3,dog_bark
209672-3-6-0.wav,209672,20.436615,21.172123,1,10,3,dog_bark
209672-3-8-0.wav,209672,25.059808,26.110534,1,10,3,dog_bark
21683-9-0-15.wav,21683,18.098564,22.098564,1,7,9,street_music
21683-9-0-18.wav,21683,19.598564,23.598564,1,7,9,street_music
21683-9-0-3.wav,21683,12.098564,16.098564,1,7,9,street_music
21683-9-0-30.wav,21683,25.598564,29.598564,1,7,9,street_music
21683-9-0-34.wav,21683,27.598564,31.598564,1,7,9,street_music
21683-9-0-39.wav,21683,30.098564,34.098564,1,7,9,street_music
21683-9-0-45.wav,21683,33.098564,37.098564,1,7,9,street_music
21684-9-0-12.wav,21684,6.0,10.0,1,1,9,street_music
21684-9-0-25.wav,21684,12.5,16.5,1,1,9,street_music
21684-9-0-30.wav,21684,15.0,19.0,1,1,9,street_music
21684-9-0-39.wav,21684,19.5,23.5,1,1,9,street_music
21684-9-0-5.wav,21684,2.5,6.5,1,1,9,street_music
21684-9-0-50.wav,21684,25.0,29.0,1,1,9,street_music
21684-9-0-7.wav,21684,3.5,7.5,1,1,9,street_music
22347-3-0-0.wav,22347,1.187356,2.271463,1,2,3,dog_bark
22347-3-1-1.wav,22347,4.062067,8.062066999999999,1,2,3,dog_bark
22347-3-1-2.wav,22347,4.562067,8.562066999999999,1,2,3,dog_bark
22347-3-3-0.wav,22347,18.188915,22.188915,1,2,3,dog_bark
22962-4-0-0.wav,22962,0.0,4.0,1,1,4,drilling
22962-4-0-1.wav,22962,0.5,4.5,1,1,4,drilling
22962-4-0-2.wav,22962,1.0,5.0,1,1,4,drilling
22973-3-0-0.wav,22973,0.14222,4.14222,2,10,3,dog_bark
22973-3-0-1.wav,22973,0.64222,4.64222,2,10,3,dog_bark
22973-3-0-2.wav,22973,1.14222,5.14222,2,10,3,dog_bark
23131-3-0-0.wav,23131,23.681362,24.78992,2,2,3,dog_bark
23131-3-2-0.wav,23131,29.690066,30.396972,2,2,3,dog_bark
23131-3-4-0.wav,23131,41.386153,41.996663,2,2,3,dog_bark
23131-3-5-0.wav,23131,46.993205,47.619781,2,2,3,dog_bark
24364-4-0-0.wav,24364,0.633371,4.633371,1,6,4,drilling
24364-4-0-1.wav,24364,1.133371,5.133371,1,6,4,drilling
24364-4-0-10.wav,24364,5.633371,9.633371,1,6,4,drilling
24364-4-0-11.wav,24364,6.133371,10.133371,1,6,4,drilling
24364-4-0-12.wav,24364,6.633371,10.633371,1,6,4,drilling
24364-4-0-2.wav,24364,1.633371,5.633371,1,6,4,drilling
24364-4-0-3.wav,24364,2.133371,6.133371,1,6,4,drilling
24364-4-0-4.wav,24364,2.633371,6.633371,1,6,4,drilling
24364-4-0-5.wav,24364,3.133371,7.133371,1,6,4,drilling
24364-4-0-6.wav,24364,3.633371,7.633371,1,6,4,drilling
24364-4-0-7.wav,24364,4.133371,8.133371,1,6,4,drilling
24364-4-0-8.wav,24364,4.633371,8.633371,1,6,4,drilling
24364-4-0-9.wav,24364,5.133371,9.133371,1,6,4,drilling
24965-3-0-0.wav,24965,0.0,0.500483,1,7,3,dog_bark
24965-3-1-0.wav,24965,1.304201,1.857676,1,7,3,dog_bark
24965-3-2-0.wav,24965,2.308111,2.911635,1,7,3,dog_bark
24965-3-3-0.wav,24965,3.111829,3.594648,1,7,3,dog_bark
26255-3-0-0.wav,26255,0.7081,0.957431,2,10,3,dog_bark
26255-3-13-1.wav,26255,110.784129,114.784129,2,10,3,dog_bark
26255-3-6-0.wav,26255,27.82535,28.543424,2,10,3,dog_bark
26255-3-8-0.wav,26255,39.66359,40.252012,2,10,3,dog_bark
26256-3-4-0.wav,26256,30.938363,34.938362999999995,2,4,3,dog_bark
26256-3-5-22.wav,26256,60.861421,64.861421,2,4,3,dog_bark
26256-3-6-6.wav,26256,149.360644,153.360644,2,4,3,dog_bark
26256-3-7-36.wav,26256,194.168648,198.168648,2,4,3,dog_bark
26270-9-0-19.wav,26270,9.5,13.5,1,1,9,street_music
26270-9-0-23.wav,26270,11.5,15.5,1,1,9,street_music
26270-9-0-3.wav,26270,1.5,5.5,1,1,9,street_music
26270-9-0-30.wav,26270,15.0,19.0,1,1,9,street_music
26270-9-0-32.wav,26270,16.0,20.0,1,1,9,street_music
26270-9-0-35.wav,26270,17.5,21.5,1,1,9,street_music
26344-4-0-0.wav,26344,0.0,2.908546,1,10,4,drilling
26344-4-1-0.wav,26344,4.685298,7.926725,1,10,4,drilling
27216-3-0-18.wav,27216,9.81491,13.81491,1,7,3,dog_bark
27216-3-0-21.wav,27216,11.31491,15.31491,1,7,3,dog_bark
27216-3-0-24.wav,27216,12.81491,16.814909999999998,1,7,3,dog_bark
27216-3-0-9.wav,27216,5.31491,9.31491,1,7,3,dog_bark
27217-3-0-13.wav,27217,6.5,10.5,1,7,3,dog_bark
27217-3-0-22.wav,27217,11.0,15.0,1,7,3,dog_bark
27217-3-0-6.wav,27217,3.0,7.0,1,7,3,dog_bark
27349-3-0-2.wav,27349,1.0,5.0,2,2,3,dog_bark
27349-3-0-6.wav,27349,3.0,7.0,2,2,3,dog_bark
27349-3-1-2.wav,27349,27.345256,31.345256,2,2,3,dog_bark
27349-3-2-1.wav,27349,41.980366,45.980366,2,2,3,dog_bark
28284-3-0-0.wav,28284,5.678508,9.678508,1,6,3,dog_bark
28284-3-0-1.wav,28284,6.178508,10.178508,1,6,3,dog_bark
28284-3-1-0.wav,28284,18.749465,19.909404,1,6,3,dog_bark
28385-9-0-32.wav,28385,16.0,20.0,1,7,9,street_music
28385-9-0-33.wav,28385,16.5,20.5,1,7,9,street_music
28385-9-0-44.wav,28385,22.0,26.0,1,7,9,street_music
28385-9-0-46.wav,28385,23.0,27.0,1,7,9,street_music
28385-9-0-57.wav,28385,28.5,32.5,1,7,9,street_music
28385-9-0-65.wav,28385,32.5,36.5,1,7,9,street_music
28385-9-0-9.wav,28385,4.5,8.5,1,7,9,street_music
29721-4-0-0.wav,29721,0.0,4.0,1,3,4,drilling
29721-4-0-1.wav,29721,0.5,4.5,1,3,4,drilling
29721-4-0-10.wav,29721,5.0,9.0,1,3,4,drilling
29721-4-0-11.wav,29721,5.5,9.5,1,3,4,drilling
29721-4-0-12.wav,29721,6.0,10.0,1,3,4,drilling
29721-4-0-13.wav,29721,6.5,10.5,1,3,4,drilling
29721-4-0-14.wav,29721,7.0,11.0,1,3,4,drilling
29721-4-0-2.wav,29721,1.0,5.0,1,3,4,drilling
29721-4-0-3.wav,29721,1.5,5.5,1,3,4,drilling
29721-4-0-4.wav,29721,2.0,6.0,1,3,4,drilling
29721-4-0-5.wav,29721,2.5,6.5,1,3,4,drilling
29721-4-0-6.wav,29721,3.0,7.0,1,3,4,drilling
29721-4-0-7.wav,29721,3.5,7.5,1,3,4,drilling
29721-4-0-8.wav,29721,4.0,8.0,1,3,4,drilling
29721-4-0-9.wav,29721,4.5,8.5,1,3,4,drilling
29722-4-0-0.wav,29722,0.0,4.0,1,4,4,drilling
29722-4-0-1.wav,29722,0.5,4.5,1,4,4,drilling
29722-4-0-2.wav,29722,1.0,5.0,1,4,4,drilling
29722-4-0-3.wav,29722,1.5,5.5,1,4,4,drilling
29722-4-0-4.wav,29722,2.0,6.0,1,4,4,drilling
29722-4-0-5.wav,29722,2.5,6.5,1,4,4,drilling
29722-4-0-6.wav,29722,3.0,7.0,1,4,4,drilling
29936-3-0-0.wav,29936,2.321813,5.075963,2,8,3,dog_bark
29936-3-1-0.wav,29936,7.862139,10.071864,2,8,3,dog_bark
29936-3-2-0.wav,29936,10.936539,13.11424,2,8,3,dog_bark
29936-3-3-0.wav,29936,16.941228,19.022853,2,8,3,dog_bark
29937-3-0-14.wav,29937,7.0,11.0,2,5,3,dog_bark
29937-3-0-4.wav,29937,2.0,6.0,2,5,3,dog_bark
29937-3-0-6.wav,29937,3.0,7.0,2,5,3,dog_bark
29937-3-0-8.wav,29937,4.0,8.0,2,5,3,dog_bark
30226-3-1-0.wav,30226,5.195936,9.195936,1,8,3,dog_bark
30226-3-1-1.wav,30226,5.695936,9.695936,1,8,3,dog_bark
30226-3-1-3.wav,30226,6.695936,10.695936,1,8,3,dog_bark
30226-3-1-5.wav,30226,7.695936,11.695936,1,8,3,dog_bark
30344-3-0-0.wav,30344,0.391161,4.391161,1,10,3,dog_bark
30344-3-0-1.wav,30344,0.891161,4.891161,1,10,3,dog_bark
30344-3-0-3.wav,30344,1.891161,5.891161,1,10,3,dog_bark
30344-3-0-4.wav,30344,2.391161,6.391161,1,10,3,dog_bark
30832-3-1-0.wav,30832,11.085712,12.093504,2,4,3,dog_bark
30832-3-12-0.wav,30832,294.716176,296.038903,2,4,3,dog_bark
30832-3-5-1.wav,30832,44.968823,48.968823,2,4,3,dog_bark
30832-3-7-0.wav,30832,129.564261,131.705819,2,4,3,dog_bark
31323-3-0-1.wav,31323,0.992016,4.992016,2,1,3,dog_bark
31323-3-0-2.wav,31323,1.492016,5.492016,2,1,3,dog_bark
31323-3-0-20.wav,31323,10.492016,14.492016,2,1,3,dog_bark
31323-3-0-22.wav,31323,11.492016,15.492016,2,1,3,dog_bark
31325-3-1-0.wav,31325,4.804858,8.804858,1,8,3,dog_bark
31325-3-1-1.wav,31325,5.304858,9.304858,1,8,3,dog_bark
31325-3-3-6.wav,31325,33.179274,37.179274,1,8,3,dog_bark
31325-3-4-0.wav,31325,49.875221,53.875221,1,8,3,dog_bark
31840-3-0-0.wav,31840,0.020035,3.546214,1,1,3,dog_bark
31840-3-1-0.wav,31840,4.95368,5.98048,1,1,3,dog_bark
31973-9-0-43.wav,31973,21.5,25.5,2,6,9,street_music
31973-9-0-51.wav,31973,25.5,29.5,2,6,9,street_music
31973-9-0-56.wav,31973,28.0,32.0,2,6,9,street_music
31973-9-0-57.wav,31973,28.5,32.5,2,6,9,street_music
31973-9-0-64.wav,31973,32.0,36.0,2,6,9,street_music
31973-9-0-71.wav,31973,35.5,39.5,2,6,9,street_music
32318-3-0-0.wav,32318,0.385559,4.385559,1,3,3,dog_bark
32318-3-0-1.wav,32318,0.885559,4.885559,1,3,3,dog_bark
33641-3-1-0.wav,33641,5.316114,7.301651,1,9,3,dog_bark
33641-3-7-0.wav,33641,17.74173,19.385669,1,9,3,dog_bark
33641-3-8-0.wav,33641,20.944208,23.228643,1,9,3,dog_bark
33641-3-9-0.wav,33641,24.765832,25.470378,1,9,3,dog_bark
33696-3-0-0.wav,33696,5.538044,8.307066,2,3,3,dog_bark
33696-3-4-0.wav,33696,69.289945,73.289945,2,3,3,dog_bark
33696-3-4-1.wav,33696,69.789945,73.789945,2,3,3,dog_bark
33696-3-6-1.wav,33696,88.593536,92.593536,2,3,3,dog_bark
33849-3-0-0.wav,33849,0.0,0.264593,1,2,3,dog_bark
33849-3-2-0.wav,33849,3.233909,4.60587,1,2,3,dog_bark
33849-3-3-0.wav,33849,5.017459,6.712811,1,2,3,dog_bark
33849-3-4-0.wav,33849,8.270967,10.162314,1,2,3,dog_bark
344-3-0-0.wav,344,0.213338,0.860971,1,4,3,dog_bark
344-3-1-0.wav,344,1.401936,2.666725,1,4,3,dog_bark
344-3-4-0.wav,344,6.483953,7.428735,1,4,3,dog_bark
344-3-5-0.wav,344,7.939223,9.623069,1,4,3,dog_bark
34621-4-0-0.wav,34621,1.576268,2.444824,1,2,4,drilling
34621-4-1-0.wav,34621,2.68609,3.82808,1,2,4,drilling
34621-4-11-0.wav,34621,14.105991,14.636775,1,2,4,drilling
34621-4-12-0.wav,34621,14.701113,15.264066,1,2,4,drilling
34621-4-13-0.wav,34621,15.617922,16.373887,1,2,4,drilling
34621-4-14-0.wav,34621,16.373887,16.952925,1,2,4,drilling
34621-4-15-0.wav,34621,17.065515,17.70889,1,2,4,drilling
34621-4-16-0.wav,34621,17.837565,18.529193,1,2,4,drilling
34621-4-17-0.wav,34621,18.754374,19.590761,1,2,4,drilling
34621-4-18-0.wav,34621,19.73552,20.346726,1,2,4,drilling
34621-4-2-0.wav,34621,3.82808,5.372179,1,2,4,drilling
34621-4-20-0.wav,34621,21.215282,21.826488,1,2,4,drilling
34621-4-21-0.wav,34621,21.955163,22.469863,1,2,4,drilling
34621-4-22-0.wav,34621,22.534201,23.064985,1,2,4,drilling
34621-4-24-0.wav,34621,23.917456,24.96294,1,2,4,drilling
34621-4-25-0.wav,34621,25.059446,25.751074,1,2,4,drilling
34621-4-26-0.wav,34621,25.863665,26.346196,1,2,4,drilling
34621-4-27-0.wav,34621,26.346196,26.925233,1,2,4,drilling
34621-4-4-0.wav,34621,7.993931,9.859718,1,2,4,drilling
34621-4-5-0.wav,34621,10.519177,11.017793,1,2,4,drilling
34621-4-7-0.wav,34621,11.677252,12.191951,1,2,4,drilling
34621-4-8-0.wav,34621,12.288458,12.770989,1,2,4,drilling
34643-4-0-0.wav,34643,0.0,2.255346,1,6,4,drilling
34643-4-1-0.wav,34643,11.962179,15.962179,1,6,4,drilling
34643-4-1-1.wav,34643,12.462179,16.462179,1,6,4,drilling
34643-4-2-0.wav,34643,28.965721,32.965721,1,6,4,drilling
34643-4-2-1.wav,34643,29.465721,33.465721,1,6,4,drilling
34643-4-2-2.wav,34643,29.965721,33.965721,1,6,4,drilling
34771-3-0-10.wav,34771,5.0,9.0,1,5,3,dog_bark
34771-3-0-14.wav,34771,7.0,11.0,1,5,3,dog_bark
34771-3-0-4.wav,34771,2.0,6.0,1,5,3,dog_bark
34771-3-0-5.wav,34771,2.5,6.5,1,5,3,dog_bark
34866-9-0-10.wav,34866,5.0,9.0,1,8,9,street_music
34866-9-0-11.wav,34866,5.5,9.5,1,8,9,street_music
34866-9-0-13.wav,34866,6.5,10.5,1,8,9,street_music
34866-9-0-3.wav,34866,1.5,5.5,1,8,9,street_music
34866-9-0-5.wav,34866,2.5,6.5,1,8,9,street_music
34866-9-0-9.wav,34866,4.5,8.5,1,8,9,street_music
34871-3-11-0.wav,34871,113.63217,115.3221,2,7,3,dog_bark
34871-3-6-0.wav,34871,46.3792,50.3792,1,7,3,dog_bark
34871-3-8-0.wav,34871,60.868788,63.466274,1,7,3,dog_bark
34871-3-9-0.wav,34871,64.342534,68.342534,2,7,3,dog_bark
34872-3-0-0.wav,34872,0.0,4.0,1,5,3,dog_bark
34872-3-0-1.wav,34872,0.5,4.5,1,5,3,dog_bark
34872-3-0-2.wav,34872,1.0,5.0,1,5,3,dog_bark
34931-3-0-0.wav,34931,0.233418,4.148033,1,4,3,dog_bark
35296-3-0-0.wav,35296,0.799414,1.751097,2,4,3,dog_bark
35296-3-1-0.wav,35296,3.591018,5.595897,2,4,3,dog_bark
35296-3-2-0.wav,35296,7.448507,9.592966,2,4,3,dog_bark
35548-9-0-10.wav,35548,11.092612,15.092612,2,6,9,street_music
35548-9-0-21.wav,35548,16.592612,20.592612,2,6,9,street_music
35548-9-0-23.wav,35548,17.592612,21.592612,2,6,9,street_music
35548-9-1-14.wav,35548,73.866412,77.866412,2,6,9,street_music
35548-9-2-7.wav,35548,186.735294,190.735294,2,6,9,street_music
35548-9-2-9.wav,35548,187.735294,191.735294,2,6,9,street_music
35549-9-0-14.wav,35549,7.0,11.0,2,4,9,street_music
35549-9-0-2.wav,35549,1.0,5.0,2,4,9,street_music
35549-9-0-28.wav,35549,14.0,18.0,2,4,9,street_music
35549-9-0-47.wav,35549,23.5,27.5,2,4,9,street_music
35549-9-0-51.wav,35549,25.5,29.5,2,4,9,street_music
35549-9-0-58.wav,35549,29.0,33.0,2,4,9,street_music
35628-3-0-0.wav,35628,0.689299,4.689299,1,10,3,dog_bark
35629-3-0-0.wav,35629,2.06663,4.87455,1,4,3,dog_bark
35629-3-1-0.wav,35629,7.300594,11.300594,1,4,3,dog_bark
35629-3-2-0.wav,35629,15.589576,19.589576,1,4,3,dog_bark
35629-3-3-0.wav,35629,32.347248,33.537806,1,4,3,dog_bark
36263-9-0-12.wav,36263,7.476496,11.476496,2,5,9,street_music
36263-9-0-13.wav,36263,7.976496,11.976496,2,5,9,street_music
36263-9-0-17.wav,36263,9.976496,13.976496,2,5,9,street_music
36263-9-0-2.wav,36263,2.476496,6.476496,2,5,9,street_music
36263-9-0-3.wav,36263,2.976496,6.976496,2,5,9,street_music
36263-9-0-5.wav,36263,3.976496,7.976496,2,5,9,street_music
36264-9-0-0.wav,36264,0.0,4.0,1,7,9,street_music
36264-9-0-1.wav,36264,0.5,4.5,1,7,9,street_music
36264-9-0-10.wav,36264,5.0,9.0,1,7,9,street_music
36264-9-0-2.wav,36264,1.0,5.0,1,7,9,street_music
36264-9-0-5.wav,36264,2.5,6.5,1,7,9,street_music
36264-9-0-7.wav,36264,3.5,7.5,1,7,9,street_music
36902-3-0-0.wav,36902,0.08998,0.877307,1,6,3,dog_bark
36902-3-1-0.wav,36902,1.192238,1.99831,1,6,3,dog_bark
36902-3-2-0.wav,36902,2.286997,5.293835,1,6,3,dog_bark
37560-4-0-0.wav,37560,0.0,4.0,1,3,4,drilling
37560-4-0-1.wav,37560,0.5,4.5,1,3,4,drilling
37560-4-0-2.wav,37560,1.0,5.0,1,3,4,drilling
37560-4-0-3.wav,37560,1.5,5.5,1,3,4,drilling
37560-4-0-4.wav,37560,2.0,6.0,1,3,4,drilling
37560-4-0-5.wav,37560,2.5,6.5,1,3,4,drilling
37869-3-0-0.wav,37869,0.477071,1.431213,1,5,3,dog_bark
37869-3-1-0.wav,37869,6.003142,7.414477,1,5,3,dog_bark
37869-3-3-0.wav,37869,15.902364,18.108817,1,5,3,dog_bark
37869-3-5-0.wav,37869,21.567581,23.177696,1,5,3,dog_bark
38121-3-0-0.wav,38121,0.05536,2.856996,1,6,3,dog_bark
38231-3-0-0.wav,38231,0.576461,1.152921,1,4,3,dog_bark
38231-3-2-0.wav,38231,13.437498,17.437497999999998,1,4,3,dog_bark
38231-3-3-0.wav,38231,21.587459,23.058428,1,4,3,dog_bark
38231-3-4-0.wav,38231,26.338291,28.982059,1,4,3,dog_bark
38236-3-2-2.wav,38236,14.434856,18.434856,1,7,3,dog_bark
38236-3-2-3.wav,38236,14.934856,18.934856,1,7,3,dog_bark
38236-3-3-0.wav,38236,26.29251,29.954752,1,7,3,dog_bark
39532-4-0-0.wav,39532,0.01157,1.093407,1,9,4,drilling
39532-4-1-0.wav,39532,1.741352,3.326502,1,9,4,drilling
39532-4-2-0.wav,39532,3.439314,4.020729,1,9,4,drilling
39532-4-3-0.wav,39532,4.020729,4.989753,1,9,4,drilling
39533-4-0-0.wav,39533,0.0,0.877311,1,5,4,drilling
39533-4-1-0.wav,39533,1.133258,2.716735,1,5,4,drilling
39967-9-0-0.wav,39967,19.303455,23.303455,1,8,9,street_music
39967-9-0-100.wav,39967,69.303455,73.303455,1,8,9,street_music
39967-9-0-44.wav,39967,41.303455,45.303455,1,8,9,street_music
39967-9-0-56.wav,39967,47.303455,51.303455,1,8,9,street_music
39967-9-0-78.wav,39967,58.303455,62.303455,1,8,9,street_music
39967-9-0-99.wav,39967,68.803455,72.803455,1,8,9,street_music
39968-9-0-144.wav,39968,96.616485,100.616485,1,4,9,street_music
39968-9-0-173.wav,39968,111.116485,115.116485,1,4,9,street_music
39968-9-0-181.wav,39968,115.116485,119.116485,1,4,9,street_music
39968-9-0-227.wav,39968,138.116485,142.116485,1,4,9,street_music
39968-9-0-69.wav,39968,59.116485,63.116485,1,4,9,street_music
39968-9-0-81.wav,39968,65.116485,69.116485,1,4,9,street_music
39970-9-0-108.wav,39970,57.690714,61.690714,1,2,9,street_music
39970-9-0-142.wav,39970,74.690714,78.690714,1,2,9,street_music
39970-9-0-41.wav,39970,24.190714,28.190714,1,2,9,street_music
39970-9-0-46.wav,39970,26.690714,30.690714,1,2,9,street_music
39970-9-0-54.wav,39970,30.690714,34.690714,1,2,9,street_music
39970-9-0-98.wav,39970,52.690714,56.690714,1,2,9,street_music
41306-3-0-10.wav,41306,5.0,9.0,2,10,3,dog_bark
41306-3-0-13.wav,41306,6.5,10.5,2,10,3,dog_bark
41306-3-0-4.wav,41306,2.0,6.0,2,10,3,dog_bark
41364-9-0-11.wav,41364,5.5,9.5,1,8,9,street_music
41364-9-0-18.wav,41364,9.0,13.0,1,8,9,street_music
41364-9-0-22.wav,41364,11.0,15.0,1,8,9,street_music
41364-9-0-23.wav,41364,11.5,15.5,1,8,9,street_music
41364-9-0-24.wav,41364,12.0,16.0,1,8,9,street_music
41364-9-0-27.wav,41364,13.5,17.5,1,8,9,street_music
41372-3-0-25.wav,41372,29.892794,33.892793999999995,2,3,3,dog_bark
41372-3-0-36.wav,41372,35.392793999999995,39.392794,2,3,3,dog_bark
41372-3-0-39.wav,41372,36.892794,40.892794,2,3,3,dog_bark
41372-3-0-51.wav,41372,42.892794,46.892794,2,3,3,dog_bark
41918-3-0-0.wav,41918,0.525781,4.525781,1,4,3,dog_bark
41918-3-0-1.wav,41918,1.025781,5.025781,1,4,3,dog_bark
4201-3-0-0.wav,4201,0.104715,0.352725,2,2,3,dog_bark
4201-3-1-0.wav,4201,0.804653,1.085731,2,2,3,dog_bark
4201-3-2-0.wav,4201,1.818737,2.171462,2,2,3,dog_bark
4201-3-3-0.wav,4201,3.968154,4.976726,2,2,3,dog_bark
42324-4-0-0.wav,42324,0.0,2.036538,1,8,4,drilling
42324-4-1-0.wav,42324,2.509673,4.145074,1,8,4,drilling
42324-4-2-0.wav,42324,5.811333,9.811333,1,8,4,drilling
42324-4-2-1.wav,42324,6.311333,10.311333,1,8,4,drilling
42324-4-2-2.wav,42324,6.811333,10.811333,1,8,4,drilling
42324-4-2-3.wav,42324,7.311333,11.311333,1,8,4,drilling
42324-4-2-4.wav,42324,7.811333,11.811333,1,8,4,drilling
42371-3-0-0.wav,42371,10.54093,11.538045,2,9,3,dog_bark
42937-4-0-0.wav,42937,0.0,4.0,1,3,4,drilling
42937-4-0-1.wav,42937,0.5,4.5,1,3,4,drilling
42937-4-0-2.wav,42937,1.0,5.0,1,3,4,drilling
42953-9-0-16.wav,42953,8.0,12.0,1,9,9,street_music
42953-9-0-21.wav,42953,10.5,14.5,1,9,9,street_music
42953-9-0-28.wav,42953,14.0,18.0,1,9,9,street_music
42953-9-0-37.wav,42953,18.5,22.5,1,9,9,street_music
42953-9-0-49.wav,42953,24.5,28.5,1,9,9,street_music
42953-9-0-50.wav,42953,25.0,29.0,1,9,9,street_music
42954-9-0-12.wav,42954,6.0,10.0,1,4,9,street_music
42954-9-0-18.wav,42954,9.0,13.0,1,4,9,street_music
42954-9-0-2.wav,42954,1.0,5.0,1,4,9,street_music
42954-9-0-20.wav,42954,10.0,14.0,1,4,9,street_music
42954-9-0-22.wav,42954,11.0,15.0,1,4,9,street_music
42954-9-0-5.wav,42954,2.5,6.5,1,4,9,street_music
42955-9-0-12.wav,42955,6.0,10.0,1,6,9,street_music
42955-9-0-14.wav,42955,7.0,11.0,1,6,9,street_music
42955-9-0-18.wav,42955,9.0,13.0,1,6,9,street_music
42955-9-0-19.wav,42955,9.5,13.5,1,6,9,street_music
42955-9-0-22.wav,42955,11.0,15.0,1,6,9,street_music
43784-3-0-0.wav,43784,0.934147,1.116784,1,7,3,dog_bark
43784-3-1-0.wav,43784,2.739564,3.254543,1,7,3,dog_bark
43786-3-0-0.wav,43786,0.536063,1.142558,1,1,3,dog_bark
43786-3-1-0.wav,43786,2.926828,3.314202,1,1,3,dog_bark
43787-3-0-0.wav,43787,1.578947,2.870812,1,5,3,dog_bark
43787-3-1-0.wav,43787,6.27162,7.364737,1,5,3,dog_bark
43787-3-2-0.wav,43787,8.866392,10.710337,1,5,3,dog_bark
43787-3-3-0.wav,43787,11.969077,12.388657,1,5,3,dog_bark
44110-3-0-0.wav,44110,0.249536,3.465784,1,8,3,dog_bark
44110-3-1-0.wav,44110,5.517529,6.072054,1,8,3,dog_bark
44110-3-3-0.wav,44110,11.31232,14.500842,1,8,3,dog_bark
44110-3-4-0.wav,44110,16.802122,18.437973,1,8,3,dog_bark
44325-9-0-18.wav,44325,9.0,13.0,2,6,9,street_music
44325-9-0-21.wav,44325,10.5,14.5,2,6,9,street_music
44325-9-0-35.wav,44325,17.5,21.5,2,6,9,street_music
44325-9-0-67.wav,44325,33.5,37.5,2,6,9,street_music
44325-9-0-72.wav,44325,36.0,40.0,2,6,9,street_music
44325-9-0-78.wav,44325,39.0,43.0,2,6,9,street_music
44831-3-0-0.wav,44831,1.951541,5.951541,2,3,3,dog_bark
44831-3-1-0.wav,44831,10.038318,11.313835,2,3,3,dog_bark
44831-3-2-0.wav,44831,20.35725,21.81134,2,3,3,dog_bark
46668-4-0-0.wav,46668,0.306953,4.306953,1,2,4,drilling
46668-4-0-1.wav,46668,0.806953,4.806953,1,2,4,drilling
46668-4-0-2.wav,46668,1.306953,5.306953,1,2,4,drilling
46669-4-0-0.wav,46669,0.0,4.0,1,1,4,drilling
46669-4-0-10.wav,46669,5.0,9.0,1,1,4,drilling
46669-4-0-2.wav,46669,1.0,5.0,1,1,4,drilling
46669-4-0-24.wav,46669,12.0,16.0,1,1,4,drilling
46669-4-0-26.wav,46669,13.0,17.0,1,1,4,drilling
46669-4-0-3.wav,46669,1.5,5.5,1,1,4,drilling
46669-4-0-30.wav,46669,15.0,19.0,1,1,4,drilling
46669-4-0-31.wav,46669,15.5,19.5,1,1,4,drilling
46669-4-0-32.wav,46669,16.0,20.0,1,1,4,drilling
46669-4-0-33.wav,46669,16.5,20.5,1,1,4,drilling
46669-4-0-35.wav,46669,17.5,21.5,1,1,4,drilling
46669-4-0-36.wav,46669,18.0,22.0,1,1,4,drilling
46669-4-0-37.wav,46669,18.5,22.5,1,1,4,drilling
46669-4-0-39.wav,46669,19.5,23.5,1,1,4,drilling
46669-4-0-4.wav,46669,2.0,6.0,1,1,4,drilling
46669-4-0-45.wav,46669,22.5,26.5,1,1,4,drilling
46669-4-0-48.wav,46669,24.0,28.0,1,1,4,drilling
46669-4-0-49.wav,46669,24.5,28.5,1,1,4,drilling
46669-4-0-54.wav,46669,27.0,31.0,1,1,4,drilling
46669-4-0-61.wav,46669,30.5,34.5,1,1,4,drilling
46669-4-0-63.wav,46669,31.5,35.5,1,1,4,drilling
46669-4-0-8.wav,46669,4.0,8.0,1,1,4,drilling
46669-4-0-9.wav,46669,4.5,8.5,1,1,4,drilling
47926-3-0-0.wav,47926,1.674351,2.683324,1,4,3,dog_bark
47926-3-1-0.wav,47926,3.315978,3.752291,1,4,3,dog_bark
47926-3-2-0.wav,47926,4.90852,6.075657,1,4,3,dog_bark
47926-3-3-0.wav,47926,6.593779,7.433681,1,4,3,dog_bark
4910-3-0-0.wav,4910,0.031494,0.647731,1,6,3,dog_bark
4911-3-0-0.wav,4911,0.008108,0.217438,1,2,3,dog_bark
4912-3-0-0.wav,4912,0.0,0.231748,1,6,3,dog_bark
4912-3-1-0.wav,4912,0.516166,0.859574,1,6,3,dog_bark
4912-3-2-0.wav,4912,1.666477,1.990924,1,6,3,dog_bark
4912-3-3-0.wav,4912,2.370148,2.646139,1,6,3,dog_bark
4918-3-0-0.wav,4918,0.0,0.3744,1,8,3,dog_bark
4918-3-1-0.wav,4918,1.421333,2.343467,1,8,3,dog_bark
4918-3-3-0.wav,4918,4.8672,5.2832,1,8,3,dog_bark
4918-3-4-0.wav,4918,7.4672,8.389333,1,8,3,dog_bark
49485-9-0-138.wav,49485,71.24779,75.24779,1,3,9,street_music
49485-9-0-142.wav,49485,73.24779,77.24779,1,3,9,street_music
49485-9-0-154.wav,49485,79.24779,83.24779,1,3,9,street_music
49485-9-0-24.wav,49485,14.24779,18.24779,1,3,9,street_music
49485-9-0-28.wav,49485,16.247790000000002,20.24779,1,3,9,street_music
49485-9-0-91.wav,49485,47.74779,51.74779,1,3,9,street_music
49808-3-0-6.wav,49808,3.0,7.0,2,2,3,dog_bark
49808-3-1-22.wav,49808,67.882376,71.882376,2,2,3,dog_bark
49808-3-1-8.wav,49808,60.882376,64.882376,2,2,3,dog_bark
49809-3-0-0.wav,49809,0.0,0.718468,2,3,3,dog_bark
49809-3-3-0.wav,49809,18.125927,20.897162,2,3,3,dog_bark
49809-3-4-0.wav,49809,22.477792,23.791562,2,3,3,dog_bark
50223-3-0-1.wav,50223,2.808086,6.808085999999999,2,9,3,dog_bark
50223-3-0-10.wav,50223,7.308085999999999,11.308086,2,9,3,dog_bark
50223-3-0-3.wav,50223,3.808086,7.808085999999999,2,9,3,dog_bark
50223-3-0-6.wav,50223,5.308085999999999,9.308086,2,9,3,dog_bark
50413-4-0-0.wav,50413,0.036027,4.036027,1,5,4,drilling
50413-4-0-1.wav,50413,0.536027,4.536027,1,5,4,drilling
50413-4-0-2.wav,50413,1.036027,5.036027,1,5,4,drilling
50413-4-0-3.wav,50413,1.536027,5.536027,1,5,4,drilling
50414-4-0-0.wav,50414,0.074114,4.074114,1,9,4,drilling
50414-4-0-1.wav,50414,0.574114,4.574114,1,9,4,drilling
50415-4-0-0.wav,50415,0.0,4.0,1,7,4,drilling
50415-4-0-1.wav,50415,0.5,4.5,1,7,4,drilling
50416-4-0-0.wav,50416,0.058705,4.058705,1,2,4,drilling
50416-4-0-1.wav,50416,0.558705,4.558705,1,2,4,drilling
50416-4-0-2.wav,50416,1.058705,5.058705,1,2,4,drilling
50612-3-0-0.wav,50612,0.0,0.769615,1,7,3,dog_bark
50613-3-0-0.wav,50613,0.0,0.538526,1,8,3,dog_bark
50614-3-0-0.wav,50614,0.0,1.0,1,7,3,dog_bark
50629-4-0-0.wav,50629,0.0,4.0,1,7,4,drilling
50629-4-0-1.wav,50629,0.5,4.5,1,7,4,drilling
50629-4-1-0.wav,50629,15.513354,19.513354,1,7,4,drilling
50629-4-1-1.wav,50629,16.013354,20.013354,1,7,4,drilling
50629-4-1-11.wav,50629,21.013354,25.013354,1,7,4,drilling
50629-4-1-13.wav,50629,22.013354,26.013354,1,7,4,drilling
50629-4-1-2.wav,50629,16.513354,20.513354,1,7,4,drilling
50629-4-1-3.wav,50629,17.013354,21.013354,1,7,4,drilling
50629-4-1-4.wav,50629,17.513354,21.513354,1,7,4,drilling
50629-4-1-8.wav,50629,19.513354,23.513354,1,7,4,drilling
50629-4-1-9.wav,50629,20.013354,24.013354,1,7,4,drilling
50629-4-2-0.wav,50629,64.186504,66.578146,1,7,4,drilling
50629-4-3-0.wav,50629,73.171322,77.171322,1,7,4,drilling
50629-4-4-0.wav,50629,79.63522,83.63522,1,7,4,drilling
50629-4-4-3.wav,50629,81.13522,85.13522,1,7,4,drilling
50629-4-4-8.wav,50629,83.63522,87.63522,1,7,4,drilling
50629-4-4-9.wav,50629,84.13522,88.13522,1,7,4,drilling
50885-3-0-2.wav,50885,1.0,5.0,1,5,3,dog_bark
50885-3-0-3.wav,50885,1.5,5.5,1,5,3,dog_bark
50885-3-0-4.wav,50885,2.0,6.0,1,5,3,dog_bark
50885-3-0-5.wav,50885,2.5,6.5,1,5,3,dog_bark
51022-3-13-0.wav,51022,19.916516,21.377728,2,1,3,dog_bark
51022-3-29-0.wav,51022,44.136601,44.596982,1,1,3,dog_bark
51022-3-30-4.wav,51022,46.647024,50.647024,2,1,3,dog_bark
51022-3-7-0.wav,51022,14.201777,15.292682,2,1,3,dog_bark
51024-3-0-16.wav,51024,8.399669,12.399669,2,10,3,dog_bark
51024-3-0-2.wav,51024,1.399669,5.399669,2,10,3,dog_bark
51024-3-0-23.wav,51024,11.899669,15.899669,2,10,3,dog_bark
51024-3-0-3.wav,51024,1.899669,5.899669,2,10,3,dog_bark
51027-3-0-7.wav,51027,3.5,7.5,2,6,3,dog_bark
51027-3-0-9.wav,51027,4.5,8.5,2,6,3,dog_bark
51027-3-1-1.wav,51027,38.559406,42.559406,2,6,3,dog_bark
51027-3-1-4.wav,51027,40.059406,44.059406,2,6,3,dog_bark
518-4-0-0.wav,518,0.242743,4.242743,1,7,4,drilling
518-4-0-1.wav,518,0.7427429999999999,4.742743,1,7,4,drilling
518-4-0-2.wav,518,1.242743,5.242743,1,7,4,drilling
518-4-0-3.wav,518,1.742743,5.742743,1,7,4,drilling
52077-3-0-13.wav,52077,7.10243,11.10243,1,3,3,dog_bark
52077-3-0-17.wav,52077,9.10243,13.10243,1,3,3,dog_bark
52077-3-0-3.wav,52077,2.10243,6.10243,1,3,3,dog_bark
52077-3-0-8.wav,52077,4.60243,8.60243,1,3,3,dog_bark
52171-3-2-0.wav,52171,9.321562,9.810929,2,9,3,dog_bark
52171-3-3-0.wav,52171,10.5892,10.990127,2,9,3,dog_bark
52171-3-6-0.wav,52171,13.041932,17.041932,2,9,3,dog_bark
52171-3-6-1.wav,52171,13.541932,17.541932,2,9,3,dog_bark
52411-9-0-4.wav,52411,2.0,6.0,2,9,9,street_music
52411-9-0-52.wav,52411,26.0,30.0,2,9,9,street_music
52411-9-0-6.wav,52411,3.0,7.0,2,9,9,street_music
52411-9-0-64.wav,52411,32.0,36.0,2,9,9,street_music
52411-9-0-66.wav,52411,33.0,37.0,2,9,9,street_music
52411-9-0-79.wav,52411,39.5,43.5,2,9,9,street_music
52441-3-0-0.wav,52441,0.0,4.0,1,4,3,dog_bark
52441-3-0-13.wav,52441,6.5,10.5,1,4,3,dog_bark
52441-3-0-8.wav,52441,4.0,8.0,1,4,3,dog_bark
52441-3-1-2.wav,52441,47.843242,51.843242,1,4,3,dog_bark
52633-3-0-1.wav,52633,0.5,4.5,1,8,3,dog_bark
52633-3-0-2.wav,52633,1.0,5.0,1,8,3,dog_bark
52633-3-0-8.wav,52633,4.0,8.0,1,8,3,dog_bark
52633-3-0-9.wav,52633,4.5,8.5,1,8,3,dog_bark
52740-3-0-0.wav,52740,68.09769,72.09769,2,9,3,dog_bark
52740-3-0-1.wav,52740,68.59769,72.59769,2,9,3,dog_bark
52740-3-0-2.wav,52740,69.09769,73.09769,2,9,3,dog_bark
52740-3-0-3.wav,52740,69.59769,73.59769,2,9,3,dog_bark
54081-9-0-24.wav,54081,20.638099,24.638099,2,4,9,street_music
54081-9-0-47.wav,54081,32.138099,36.138099,2,4,9,street_music
54081-9-0-56.wav,54081,36.638099,40.638099,2,4,9,street_music
54081-9-0-87.wav,54081,52.138099,56.138099,2,4,9,street_music
54081-9-0-93.wav,54081,55.138099,59.138099,2,4,9,street_music
54545-3-0-0.wav,54545,0.826371,4.826371,1,2,3,dog_bark
54545-3-0-1.wav,54545,1.326371,5.326371,1,2,3,dog_bark
54545-3-0-2.wav,54545,1.826371,5.826371,1,2,3,dog_bark
54823-3-0-0.wav,54823,0.189657,4.096588,1,9,3,dog_bark
54823-3-1-0.wav,54823,9.084564,13.084564,1,9,3,dog_bark
54823-3-2-1.wav,54823,20.319143,24.319143,1,9,3,dog_bark
54858-3-0-0.wav,54858,28.04638,32.04638,2,1,3,dog_bark
54858-3-1-2.wav,54858,37.898228,41.898228,1,1,3,dog_bark
54858-3-2-0.wav,54858,66.854743,67.739928,1,1,3,dog_bark
54976-4-0-0.wav,54976,5.693949,9.693949,1,9,4,drilling
54976-4-0-1.wav,54976,6.193949,10.193949,1,9,4,drilling
54976-4-0-2.wav,54976,6.693949,10.693949,1,9,4,drilling
54976-4-0-3.wav,54976,7.193949,11.193949,1,9,4,drilling
54976-4-0-4.wav,54976,7.693949,11.693949,1,9,4,drilling
54976-4-0-5.wav,54976,8.193949,12.193949,1,9,4,drilling
54976-4-0-6.wav,54976,8.693949,12.693949,1,9,4,drilling
54976-4-0-7.wav,54976,9.193949,13.193949,1,9,4,drilling
54976-4-0-8.wav,54976,9.693949,13.693949,1,9,4,drilling
54976-4-0-9.wav,54976,10.193949,14.193949,1,9,4,drilling
54976-4-1-0.wav,54976,77.297309,81.297309,1,9,4,drilling
54976-4-1-1.wav,54976,77.797309,81.797309,1,9,4,drilling
54976-4-1-2.wav,54976,78.297309,82.297309,1,9,4,drilling
54976-4-1-3.wav,54976,78.797309,82.797309,1,9,4,drilling
55013-3-0-1.wav,55013,0.5,4.5,2,8,3,dog_bark
55013-3-0-3.wav,55013,1.5,5.5,2,8,3,dog_bark
55013-3-0-4.wav,55013,2.0,6.0,2,8,3,dog_bark
55013-3-0-7.wav,55013,3.5,7.5,2,8,3,dog_bark
55020-4-0-0.wav,55020,0.351364,4.351364,1,1,4,drilling
55020-4-0-1.wav,55020,0.851364,4.851364,1,1,4,drilling
55020-4-0-10.wav,55020,5.351364,9.351364,1,1,4,drilling
55020-4-0-11.wav,55020,5.851364,9.851364,1,1,4,drilling
55020-4-0-12.wav,55020,6.351364,10.351364,1,1,4,drilling
55020-4-0-13.wav,55020,6.851364,10.851364,1,1,4,drilling
55020-4-0-14.wav,55020,7.351364,11.351364,1,1,4,drilling
55020-4-0-2.wav,55020,1.351364,5.351364,1,1,4,drilling
55020-4-0-3.wav,55020,1.851364,5.851364,1,1,4,drilling
55020-4-0-4.wav,55020,2.351364,6.351364,1,1,4,drilling
55020-4-0-5.wav,55020,2.851364,6.851364,1,1,4,drilling
55020-4-0-6.wav,55020,3.351364,7.351364,1,1,4,drilling
55020-4-0-7.wav,55020,3.851364,7.851364,1,1,4,drilling
55020-4-0-8.wav,55020,4.351364,8.351364,1,1,4,drilling
55020-4-0-9.wav,55020,4.851364,8.851364,1,1,4,drilling
55728-9-0-14.wav,55728,7.0,11.0,1,4,9,street_music
55728-9-0-28.wav,55728,14.0,18.0,1,4,9,street_music
55728-9-0-30.wav,55728,15.0,19.0,1,4,9,street_music
55728-9-0-34.wav,55728,17.0,21.0,1,4,9,street_music
55728-9-0-67.wav,55728,33.5,37.5,1,4,9,street_music
55728-9-0-8.wav,55728,4.0,8.0,1,4,9,street_music
57105-3-0-1.wav,57105,178.952055,182.952055,2,9,3,dog_bark
57105-3-1-0.wav,57105,232.256082,236.256082,2,9,3,dog_bark
57105-3-4-2.wav,57105,263.540334,267.540334,2,9,3,dog_bark
57105-3-4-4.wav,57105,264.540334,268.540334,2,9,3,dog_bark
57553-3-0-0.wav,57553,0.0,1.715423,2,1,3,dog_bark
57553-3-1-0.wav,57553,9.679885,11.932555,2,1,3,dog_bark
57553-3-2-0.wav,57553,13.063603,14.279479,2,1,3,dog_bark
57584-4-0-0.wav,57584,0.0,4.0,2,1,4,drilling
57584-4-0-1.wav,57584,0.5,4.5,2,1,4,drilling
57584-4-0-2.wav,57584,1.0,5.0,2,1,4,drilling
57584-4-0-3.wav,57584,1.5,5.5,2,1,4,drilling
57584-4-0-4.wav,57584,2.0,6.0,2,1,4,drilling
57584-4-0-5.wav,57584,2.5,6.5,2,1,4,drilling
57584-4-0-6.wav,57584,3.0,7.0,2,1,4,drilling
57584-4-0-7.wav,57584,3.5,7.5,2,1,4,drilling
57584-4-0-8.wav,57584,4.0,8.0,2,1,4,drilling
57596-3-0-0.wav,57596,0.591383,3.288668,2,7,3,dog_bark
57596-3-1-0.wav,57596,5.921045,9.921045,2,7,3,dog_bark
57696-4-0-0.wav,57696,0.0,4.0,1,7,4,drilling
57696-4-0-1.wav,57696,0.5,4.5,1,7,4,drilling
57696-4-0-2.wav,57696,1.0,5.0,1,7,4,drilling
57696-4-0-3.wav,57696,1.5,5.5,1,7,4,drilling
57696-4-0-4.wav,57696,2.0,6.0,1,7,4,drilling
57696-4-0-5.wav,57696,2.5,6.5,1,7,4,drilling
58005-4-0-13.wav,58005,11.565261,15.565261,1,6,4,drilling
58005-4-0-17.wav,58005,13.565261,17.565261,1,6,4,drilling
58005-4-0-23.wav,58005,16.565261,20.565261,1,6,4,drilling
58005-4-0-24.wav,58005,17.065261,21.065261,1,6,4,drilling
58005-4-0-26.wav,58005,18.065261,22.065261,1,6,4,drilling
58005-4-0-30.wav,58005,20.065261,24.065261,1,6,4,drilling
58005-4-0-32.wav,58005,21.065261,25.065261,1,6,4,drilling
58005-4-0-34.wav,58005,22.065261,26.065261,1,6,4,drilling
58005-4-0-40.wav,58005,25.065261,29.065261,1,6,4,drilling
58005-4-0-41.wav,58005,25.565261,29.565261,1,6,4,drilling
58005-4-0-44.wav,58005,27.065261,31.065261,1,6,4,drilling
58005-4-0-45.wav,58005,27.565261,31.565261,1,6,4,drilling
58005-4-0-51.wav,58005,30.565261,34.565261,1,6,4,drilling
58005-4-0-55.wav,58005,32.565261,36.565261,1,6,4,drilling
58005-4-0-63.wav,58005,36.565261,40.565261,1,6,4,drilling
58005-4-0-68.wav,58005,39.065261,43.065261,1,6,4,drilling
58005-4-0-70.wav,58005,40.065261,44.065261,1,6,4,drilling
58005-4-0-76.wav,58005,43.065261,47.065261,1,6,4,drilling
58382-3-0-0.wav,58382,0.224342,4.224342,1,5,3,dog_bark
58937-4-0-0.wav,58937,1.200341,5.200341,1,9,4,drilling
58937-4-0-12.wav,58937,7.200341,11.200341,1,9,4,drilling
58937-4-0-13.wav,58937,7.700341,11.700341,1,9,4,drilling
58937-4-0-2.wav,58937,2.200341,6.200341,1,9,4,drilling
58937-4-0-4.wav,58937,3.200341,7.200341,1,9,4,drilling
58937-4-0-7.wav,58937,4.700341,8.700341,1,9,4,drilling
58937-4-1-0.wav,58937,32.409194,36.409194,1,9,4,drilling
58937-4-1-1.wav,58937,32.909194,36.909194,1,9,4,drilling
58937-4-2-10.wav,58937,53.013621,57.013621,1,9,4,drilling
58937-4-2-2.wav,58937,49.013621,53.013621,1,9,4,drilling
58937-4-2-9.wav,58937,52.513621,56.513621,1,9,4,drilling
58937-4-3-6.wav,58937,75.660613,79.660613,1,9,4,drilling
58937-4-3-9.wav,58937,77.160613,81.160613,1,9,4,drilling
58937-4-4-1.wav,58937,107.010216,111.010216,1,9,4,drilling
58937-4-5-2.wav,58937,123.754824,127.754824,1,9,4,drilling
58937-4-5-4.wav,58937,124.754824,128.754824,1,9,4,drilling
59513-3-0-0.wav,59513,0.156569,4.156569,1,10,3,dog_bark
59513-3-0-1.wav,59513,0.656569,4.656569,1,10,3,dog_bark
59513-3-0-3.wav,59513,1.656569,5.656569,1,10,3,dog_bark
59513-3-0-4.wav,59513,2.156569,6.156569,1,10,3,dog_bark
59594-4-0-0.wav,59594,0.0,4.0,2,2,4,drilling
59594-4-0-1.wav,59594,0.5,4.5,2,2,4,drilling
59594-4-0-2.wav,59594,1.0,5.0,2,2,4,drilling
59594-4-0-3.wav,59594,1.5,5.5,2,2,4,drilling
59594-4-0-4.wav,59594,2.0,6.0,2,2,4,drilling
59595-4-0-0.wav,59595,45.745538,49.745538,2,8,4,drilling
59595-4-0-1.wav,59595,46.245538,50.245538,2,8,4,drilling
59800-3-0-0.wav,59800,0.0,3.506271,1,9,3,dog_bark
59800-3-1-0.wav,59800,7.883065,11.883065,1,9,3,dog_bark
59800-3-2-0.wav,59800,22.51268,24.374631,1,9,3,dog_bark
59800-3-3-1.wav,59800,29.686686,33.686686,1,9,3,dog_bark
60605-9-0-34.wav,60605,17.0,21.0,1,2,9,street_music
60605-9-0-52.wav,60605,26.0,30.0,1,2,9,street_music
60605-9-0-64.wav,60605,32.0,36.0,1,2,9,street_music
60605-9-0-73.wav,60605,36.5,40.5,1,2,9,street_music
60605-9-0-90.wav,60605,45.0,49.0,1,2,9,street_music
60605-9-0-95.wav,60605,47.5,51.5,1,2,9,street_music
60608-9-0-0.wav,60608,0.0,4.0,1,4,9,street_music
60608-9-0-1.wav,60608,0.5,4.5,1,4,9,street_music
60608-9-0-2.wav,60608,1.0,5.0,1,4,9,street_music
60608-9-0-3.wav,60608,1.5,5.5,1,4,9,street_music
60608-9-0-4.wav,60608,2.0,6.0,1,4,9,street_music
60608-9-0-5.wav,60608,2.5,6.5,1,4,9,street_music
61077-3-0-0.wav,61077,28.455188,29.897293,1,8,3,dog_bark
61077-3-1-0.wav,61077,32.394596,34.434647,1,8,3,dog_bark
61077-3-2-0.wav,61077,36.017445,39.71064,1,8,3,dog_bark
61077-3-3-0.wav,61077,44.52938,48.52938,1,8,3,dog_bark
61250-3-0-31.wav,61250,15.5,19.5,2,9,3,dog_bark
61250-3-0-36.wav,61250,18.0,22.0,2,9,3,dog_bark
61250-3-0-47.wav,61250,23.5,27.5,2,9,3,dog_bark
61250-3-0-62.wav,61250,31.0,35.0,2,9,3,dog_bark
61626-9-0-10.wav,61626,5.0,9.0,2,4,9,street_music
61626-9-0-12.wav,61626,6.0,10.0,2,4,9,street_music
61626-9-0-2.wav,61626,1.0,5.0,2,4,9,street_music
61626-9-0-3.wav,61626,1.5,5.5,2,4,9,street_music
61626-9-0-6.wav,61626,3.0,7.0,2,4,9,street_music
61626-9-0-7.wav,61626,3.5,7.5,2,4,9,street_music
61789-9-0-10.wav,61789,5.0,9.0,1,7,9,street_music
61789-9-0-12.wav,61789,6.0,10.0,1,7,9,street_music
61789-9-0-14.wav,61789,7.0,11.0,1,7,9,street_music
61789-9-0-16.wav,61789,8.0,12.0,1,7,9,street_music
61789-9-0-26.wav,61789,13.0,17.0,1,7,9,street_music
61789-9-0-65.wav,61789,32.5,36.5,1,7,9,street_music
61789-9-0-69.wav,61789,34.5,38.5,1,7,9,street_music
61790-9-0-10.wav,61790,5.0,9.0,1,4,9,street_music
61790-9-0-15.wav,61790,7.5,11.5,1,4,9,street_music
61790-9-0-16.wav,61790,8.0,12.0,1,4,9,street_music
61790-9-0-20.wav,61790,10.0,14.0,1,4,9,street_music
61790-9-1-1.wav,61790,49.560201,53.560201,1,4,9,street_music
61790-9-1-20.wav,61790,59.060201,63.060201,1,4,9,street_music
61791-9-1-1.wav,61791,56.032447,60.032447,1,3,9,street_music
61791-9-1-40.wav,61791,75.53244699999999,79.53244699999999,1,3,9,street_music
61791-9-1-41.wav,61791,76.03244699999999,80.03244699999999,1,3,9,street_music
61791-9-1-42.wav,61791,76.53244699999999,80.53244699999999,1,3,9,street_music
61791-9-1-44.wav,61791,77.53244699999999,81.53244699999999,1,3,9,street_music
61791-9-1-46.wav,61791,78.53244699999999,82.53244699999999,1,3,9,street_music
62048-3-0-2.wav,62048,1.0,5.0,1,8,3,dog_bark
62048-3-0-3.wav,62048,1.5,5.5,1,8,3,dog_bark
62048-3-0-4.wav,62048,2.0,6.0,1,8,3,dog_bark
62048-3-0-5.wav,62048,2.5,6.5,1,8,3,dog_bark
63095-4-0-1.wav,63095,10.49398,14.49398,1,3,4,drilling
63095-4-0-10.wav,63095,14.99398,18.99398,1,3,4,drilling
63095-4-0-14.wav,63095,16.99398,20.99398,1,3,4,drilling
63095-4-0-16.wav,63095,17.99398,21.99398,1,3,4,drilling
63095-4-0-20.wav,63095,19.99398,23.99398,1,3,4,drilling
63095-4-0-21.wav,63095,20.49398,24.49398,1,3,4,drilling
63095-4-0-26.wav,63095,22.99398,26.99398,1,3,4,drilling
63095-4-0-28.wav,63095,23.99398,27.99398,1,3,4,drilling
63095-4-0-29.wav,63095,24.49398,28.49398,1,3,4,drilling
63095-4-0-4.wav,63095,11.99398,15.99398,1,3,4,drilling
63095-4-0-6.wav,63095,12.99398,16.99398,1,3,4,drilling
63095-4-0-8.wav,63095,13.99398,17.99398,1,3,4,drilling
63095-4-1-10.wav,63095,84.853862,88.853862,1,3,4,drilling
63095-4-1-18.wav,63095,88.853862,92.853862,1,3,4,drilling
63095-4-1-19.wav,63095,89.353862,93.353862,1,3,4,drilling
63095-4-1-20.wav,63095,89.853862,93.853862,1,3,4,drilling
63095-4-1-23.wav,63095,91.353862,95.353862,1,3,4,drilling
63095-4-1-27.wav,63095,93.353862,97.353862,1,3,4,drilling
63095-4-1-33.wav,63095,96.353862,100.353862,1,3,4,drilling
63095-4-1-4.wav,63095,81.853862,85.853862,1,3,4,drilling
63095-4-1-6.wav,63095,82.853862,86.853862,1,3,4,drilling
63095-4-1-7.wav,63095,83.353862,87.353862,1,3,4,drilling
63261-3-0-0.wav,63261,0.0,4.0,1,2,3,dog_bark
63261-3-0-1.wav,63261,0.5,4.5,1,2,3,dog_bark
63292-3-0-0.wav,63292,0.0,4.0,1,3,3,dog_bark
63292-3-0-1.wav,63292,0.5,4.5,1,3,3,dog_bark
63932-3-0-1.wav,63932,0.5,4.5,1,4,3,dog_bark
63932-3-0-2.wav,63932,1.0,5.0,1,4,3,dog_bark
63932-3-1-0.wav,63932,36.729332,40.729332,1,4,3,dog_bark
63932-3-1-1.wav,63932,37.229332,41.229332,1,4,3,dog_bark
6508-9-0-1.wav,6508,0.5,4.5,2,5,9,street_music
6508-9-0-2.wav,6508,1.0,5.0,2,5,9,street_music
6508-9-0-3.wav,6508,1.5,5.5,2,5,9,street_music
6508-9-0-4.wav,6508,2.0,6.0,2,5,9,street_music
6508-9-0-6.wav,6508,3.0,7.0,2,5,9,street_music
6508-9-1-0.wav,6508,26.081757,30.081757,2,5,9,street_music
65381-3-0-3.wav,65381,2.356686,6.356686,1,5,3,dog_bark
65381-3-0-6.wav,65381,3.856686,7.856686,1,5,3,dog_bark
65381-3-0-7.wav,65381,4.356686,8.356686,1,5,3,dog_bark
65745-3-0-21.wav,65745,10.5,14.5,2,7,3,dog_bark
65745-3-0-49.wav,65745,24.5,28.5,2,7,3,dog_bark
65745-3-0-61.wav,65745,30.5,34.5,2,7,3,dog_bark
65745-3-0-88.wav,65745,44.0,48.0,2,7,3,dog_bark
65749-3-1-12.wav,65749,81.445545,85.445545,2,1,3,dog_bark
65749-3-1-14.wav,65749,82.445545,86.445545,2,1,3,dog_bark
65749-3-1-24.wav,65749,87.445545,91.445545,2,1,3,dog_bark
65749-3-1-9.wav,65749,79.945545,83.945545,2,1,3,dog_bark
65750-3-0-5.wav,65750,252.955446,256.955446,2,3,3,dog_bark
65750-3-3-48.wav,65750,337.029703,341.029703,2,3,3,dog_bark
65750-3-3-68.wav,65750,347.029703,351.029703,2,3,3,dog_bark
65750-3-3-74.wav,65750,350.029703,354.029703,2,3,3,dog_bark
66000-9-0-0.wav,66000,0.0,4.0,2,6,9,street_music
66000-9-0-1.wav,66000,0.5,4.5,2,6,9,street_music
66000-9-0-2.wav,66000,1.0,5.0,2,6,9,street_music
66000-9-0-3.wav,66000,1.5,5.5,2,6,9,street_music
66000-9-0-6.wav,66000,3.0,7.0,2,6,9,street_music
66000-9-0-8.wav,66000,4.0,8.0,2,6,9,street_music
66324-9-0-19.wav,66324,9.5,13.5,2,8,9,street_music
66324-9-0-30.wav,66324,15.0,19.0,2,8,9,street_music
66324-9-0-4.wav,66324,2.0,6.0,2,8,9,street_music
66324-9-0-42.wav,66324,21.0,25.0,2,8,9,street_music
66324-9-0-53.wav,66324,26.5,30.5,2,8,9,street_music
66324-9-0-54.wav,66324,27.0,31.0,2,8,9,street_music
66587-3-0-0.wav,66587,1.836262,2.35271,1,5,3,dog_bark
66587-3-1-0.wav,66587,3.077173,3.428645,1,5,3,dog_bark
66587-3-2-0.wav,66587,4.533271,5.049719,1,5,3,dog_bark
66587-3-3-0.wav,66587,7.811285,8.299042,1,5,3,dog_bark
66599-9-0-11.wav,66599,28.483778,32.483778,2,8,9,street_music
66599-9-0-17.wav,66599,31.483778,35.483778,2,8,9,street_music
66599-9-1-11.wav,66599,126.663039,130.663039,2,8,9,street_music
66599-9-1-21.wav,66599,131.663039,135.663039,2,8,9,street_music
66599-9-1-23.wav,66599,132.663039,136.663039,2,8,9,street_music
66599-9-1-4.wav,66599,123.163039,127.163039,2,8,9,street_music
66622-4-0-0.wav,66622,0.0,4.0,1,3,4,drilling
66622-4-0-1.wav,66622,0.5,4.5,1,3,4,drilling
66622-4-0-2.wav,66622,1.0,5.0,1,3,4,drilling
66622-4-0-3.wav,66622,1.5,5.5,1,3,4,drilling
66622-4-0-4.wav,66622,2.0,6.0,1,3,4,drilling
66622-4-0-5.wav,66622,2.5,6.5,1,3,4,drilling
66622-4-0-6.wav,66622,3.0,7.0,1,3,4,drilling
66622-4-0-7.wav,66622,3.5,7.5,1,3,4,drilling
66622-4-0-8.wav,66622,4.0,8.0,1,3,4,drilling
66623-4-0-0.wav,66623,0.0,4.0,1,6,4,drilling
66623-4-0-1.wav,66623,0.5,4.5,1,6,4,drilling
66623-4-0-2.wav,66623,1.0,5.0,1,6,4,drilling
66623-4-0-3.wav,66623,1.5,5.5,1,6,4,drilling
66623-4-0-4.wav,66623,2.0,6.0,1,6,4,drilling
66623-4-0-5.wav,66623,2.5,6.5,1,6,4,drilling
66623-4-0-6.wav,66623,3.0,7.0,1,6,4,drilling
67049-3-0-0.wav,67049,0.074989,4.074989,1,7,3,dog_bark
67049-3-0-1.wav,67049,0.574989,4.574989,1,7,3,dog_bark
67049-3-0-2.wav,67049,1.074989,5.074989,1,7,3,dog_bark
68389-3-0-0.wav,68389,1.776939,3.366492,1,4,3,dog_bark
68389-3-1-0.wav,68389,5.356664,5.964054,1,4,3,dog_bark
68389-3-2-0.wav,68389,7.818533,9.227161,1,4,3,dog_bark
69304-9-0-0.wav,69304,0.0,4.0,2,1,9,street_music
69304-9-0-12.wav,69304,6.0,10.0,2,1,9,street_music
69304-9-0-14.wav,69304,7.0,11.0,2,1,9,street_music
69304-9-0-15.wav,69304,7.5,11.5,2,1,9,street_music
69304-9-0-6.wav,69304,3.0,7.0,2,1,9,street_music
69304-9-0-7.wav,69304,3.5,7.5,2,1,9,street_music
69598-4-0-0.wav,69598,5.601254,8.036582,1,3,4,drilling
69598-4-1-0.wav,69598,11.543454,15.488685,2,3,4,drilling
69598-4-2-0.wav,69598,19.920982,23.920982,2,3,4,drilling
69598-4-2-1.wav,69598,20.420982,24.420982,2,3,4,drilling
69598-4-3-0.wav,69598,29.077814,33.077814000000004,2,3,4,drilling
69598-4-4-0.wav,69598,34.776481,36.383798,2,3,4,drilling
69598-4-5-0.wav,69598,37.114396,39.647137,1,3,4,drilling
69598-4-6-0.wav,69598,50.557406,54.557406,1,3,4,drilling
69598-4-6-1.wav,69598,51.057406,55.057406,1,3,4,drilling
69598-4-7-0.wav,69598,60.201304,64.201304,1,3,4,drilling
69598-4-8-0.wav,69598,73.936553,76.079641,1,3,4,drilling
69598-4-9-0.wav,69598,80.317112,83.921397,1,3,4,drilling
69661-3-0-14.wav,69661,7.0,11.0,1,10,3,dog_bark
69661-3-0-23.wav,69661,11.5,15.5,1,10,3,dog_bark
69661-3-0-29.wav,69661,14.5,18.5,1,10,3,dog_bark
69777-3-0-0.wav,69777,0.0,4.0,2,9,3,dog_bark
69777-3-0-1.wav,69777,0.5,4.5,2,9,3,dog_bark
69777-3-0-2.wav,69777,1.0,5.0,2,9,3,dog_bark
69883-3-0-20.wav,69883,11.679208,15.679208,2,2,3,dog_bark
69883-3-0-5.wav,69883,4.179208,8.179208,2,2,3,dog_bark
69883-3-0-9.wav,69883,6.179208,10.179208,2,2,3,dog_bark
70098-3-0-0.wav,70098,0.13072,2.272509,1,9,3,dog_bark
70098-3-1-0.wav,70098,4.072417,6.626475,1,9,3,dog_bark
70098-3-2-0.wav,70098,8.225276,10.467619,1,9,3,dog_bark
70098-3-3-0.wav,70098,13.373615,14.459593,1,9,3,dog_bark
70168-3-1-11.wav,70168,23.130393,27.130393,2,8,3,dog_bark
70168-3-1-13.wav,70168,24.130393,28.130393,2,8,3,dog_bark
70168-3-1-20.wav,70168,27.630393,31.630393,2,8,3,dog_bark
70168-3-1-24.wav,70168,29.630393,33.630393,2,8,3,dog_bark
71079-4-0-0.wav,71079,0.331563,1.544694,1,6,4,drilling
71079-4-1-0.wav,71079,2.730519,3.26102,1,6,4,drilling
71080-4-0-0.wav,71080,1.196632,2.628625,1,2,4,drilling
71080-4-1-0.wav,71080,3.1489,4.142377,1,2,4,drilling
71082-4-0-0.wav,71082,0.529763,1.847581,1,9,4,drilling
71082-4-1-0.wav,71082,2.551296,4.351435,1,9,4,drilling
71086-4-0-0.wav,71086,0.280432,3.78082,1,5,4,drilling
71086-4-1-0.wav,71086,4.406784,6.079358,1,5,4,drilling
71086-4-2-0.wav,71086,6.409867,8.598236,1,5,4,drilling
71087-4-0-0.wav,71087,0.273315,4.231567,1,1,4,drilling
71087-4-1-0.wav,71087,4.427711,5.23158,1,1,4,drilling
71088-4-0-0.wav,71088,0.426973,4.426973,1,6,4,drilling
71088-4-1-0.wav,71088,5.366155,7.970164,1,6,4,drilling
71088-4-2-0.wav,71088,8.344424,9.1562,1,6,4,drilling
71171-4-0-0.wav,71171,0.813427,4.813427,1,5,4,drilling
71171-4-0-1.wav,71171,1.313427,5.313427,1,5,4,drilling
71171-4-0-2.wav,71171,1.813427,5.813427,1,5,4,drilling
71171-4-0-3.wav,71171,2.313427,6.313427,1,5,4,drilling
71171-4-0-4.wav,71171,2.813427,6.813427,1,5,4,drilling
71171-4-1-0.wav,71171,40.233359,44.233359,1,5,4,drilling
71171-4-1-1.wav,71171,40.733359,44.733359,1,5,4,drilling
71171-4-1-2.wav,71171,41.233359,45.233359,1,5,4,drilling
71171-4-1-3.wav,71171,41.733359,45.733359,1,5,4,drilling
71171-4-1-4.wav,71171,42.233359,46.233359,1,5,4,drilling
71171-4-1-5.wav,71171,42.733359,46.733359,1,5,4,drilling
71171-4-2-0.wav,71171,64.823888,68.823888,1,5,4,drilling
71171-4-2-1.wav,71171,65.323888,69.323888,1,5,4,drilling
71171-4-3-0.wav,71171,75.210727,79.210727,1,5,4,drilling
71171-4-3-1.wav,71171,75.710727,79.710727,1,5,4,drilling
71171-4-3-2.wav,71171,76.210727,80.210727,1,5,4,drilling
71171-4-4-0.wav,71171,86.786421,89.038989,1,5,4,drilling
71171-4-5-0.wav,71171,91.541842,93.856981,1,5,4,drilling
71312-3-0-1.wav,71312,134.87905,138.87905,2,10,3,dog_bark
71312-3-0-2.wav,71312,135.37905,139.37905,2,10,3,dog_bark
71312-3-0-4.wav,71312,136.37905,140.37905,2,10,3,dog_bark
71312-3-0-5.wav,71312,136.87905,140.87905,2,10,3,dog_bark
71529-4-0-0.wav,71529,0.435671,4.435671,1,7,4,drilling
71529-4-0-1.wav,71529,0.935671,4.935671,1,7,4,drilling
71529-4-0-2.wav,71529,1.435671,5.435671,1,7,4,drilling
71529-4-1-0.wav,71529,9.554708,13.554708,1,7,4,drilling
71529-4-1-1.wav,71529,10.054708,14.054708,1,7,4,drilling
71529-4-1-2.wav,71529,10.554708,14.554708,1,7,4,drilling
71529-4-1-3.wav,71529,11.054708,15.054708,1,7,4,drilling
71529-4-1-4.wav,71529,11.554708,15.554708,1,7,4,drilling
71529-4-1-5.wav,71529,12.054708,16.054707999999998,1,7,4,drilling
71529-4-1-6.wav,71529,12.554708,16.554707999999998,1,7,4,drilling
71700-3-3-2.wav,71700,105.504191,109.504191,2,8,3,dog_bark
71700-3-4-0.wav,71700,129.865574,133.865574,2,8,3,dog_bark
71700-3-4-1.wav,71700,130.365574,134.365574,2,8,3,dog_bark
71700-3-4-3.wav,71700,131.365574,135.365574,2,8,3,dog_bark
71866-9-0-14.wav,71866,7.0,11.0,1,7,9,street_music
71866-9-0-21.wav,71866,10.5,14.5,1,7,9,street_music
71866-9-0-23.wav,71866,11.5,15.5,1,7,9,street_music
71866-9-0-3.wav,71866,1.5,5.5,1,7,9,street_music
71866-9-0-31.wav,71866,15.5,19.5,1,7,9,street_music
71866-9-0-32.wav,71866,16.0,20.0,1,7,9,street_music
72220-3-0-0.wav,72220,5.444078,8.489071,2,10,3,dog_bark
72220-3-2-2.wav,72220,29.733661,33.733661,2,10,3,dog_bark
72220-3-2-3.wav,72220,30.233661,34.233661,2,10,3,dog_bark
72220-3-2-4.wav,72220,30.733661,34.733661,2,10,3,dog_bark
72221-3-1-0.wav,72221,66.415842,70.415842,2,8,3,dog_bark
72221-3-4-1.wav,72221,141.054455,145.054455,2,8,3,dog_bark
72221-3-4-5.wav,72221,143.054455,147.054455,2,8,3,dog_bark
72221-3-4-7.wav,72221,144.054455,148.054455,2,8,3,dog_bark
72261-3-0-17.wav,72261,9.973879,13.973879,1,1,3,dog_bark
72261-3-0-23.wav,72261,12.973879,16.973879,1,1,3,dog_bark
72261-3-0-27.wav,72261,14.973879,18.973879,1,1,3,dog_bark
72261-3-0-6.wav,72261,4.473879,8.473879,1,1,3,dog_bark
72265-3-15-0.wav,72265,171.627883,174.899768,2,9,3,dog_bark
72265-3-4-0.wav,72265,31.024479,33.127833,2,9,3,dog_bark
72265-3-5-0.wav,72265,37.130049,40.226654,2,9,3,dog_bark
72265-3-7-0.wav,72265,72.974715,76.974715,2,9,3,dog_bark
72537-3-0-2.wav,72537,2.31661,6.31661,1,3,3,dog_bark
72537-3-0-6.wav,72537,4.31661,8.31661,1,3,3,dog_bark
72537-3-0-8.wav,72537,5.31661,9.31661,1,3,3,dog_bark
72538-3-0-0.wav,72538,2.101978,6.101978,1,10,3,dog_bark
72538-3-0-1.wav,72538,2.601978,6.601978,1,10,3,dog_bark
72538-3-0-3.wav,72538,3.601978,7.601978,1,10,3,dog_bark
72538-3-0-4.wav,72538,4.101978,8.101977999999999,1,10,3,dog_bark
72539-3-0-1.wav,72539,7.30482,11.30482,1,2,3,dog_bark
72539-3-0-5.wav,72539,9.30482,13.30482,1,2,3,dog_bark
72539-3-0-6.wav,72539,9.80482,13.80482,1,2,3,dog_bark
72539-3-0-8.wav,72539,10.80482,14.80482,1,2,3,dog_bark
72579-3-0-0.wav,72579,3.486718,7.486718,1,1,3,dog_bark
72579-3-0-2.wav,72579,4.486718,8.486718,1,1,3,dog_bark
72579-3-0-3.wav,72579,4.986718,8.986718,1,1,3,dog_bark
72579-3-0-4.wav,72579,5.486718,9.486718,1,1,3,dog_bark
72723-3-0-0.wav,72723,0.0,1.410612,1,9,3,dog_bark
72724-3-1-0.wav,72724,19.702017,23.702017,1,4,3,dog_bark
72724-3-2-7.wav,72724,33.29511,37.29511,1,4,3,dog_bark
72724-3-2-8.wav,72724,33.79511,37.79511,1,4,3,dog_bark
72724-3-2-9.wav,72724,34.29511,38.29511,1,4,3,dog_bark
72829-3-0-0.wav,72829,0.0,4.0,1,4,3,dog_bark
72829-3-0-1.wav,72829,0.5,4.5,1,4,3,dog_bark
72829-3-0-2.wav,72829,1.0,5.0,1,4,3,dog_bark
73277-9-0-0.wav,73277,0.0,4.0,1,1,9,street_music
73277-9-0-16.wav,73277,8.0,12.0,1,1,9,street_music
73277-9-0-17.wav,73277,8.5,12.5,1,1,9,street_music
73277-9-0-19.wav,73277,9.5,13.5,1,1,9,street_music
73277-9-0-24.wav,73277,12.0,16.0,1,1,9,street_music
73277-9-0-28.wav,73277,14.0,18.0,1,1,9,street_music
73373-3-0-0.wav,73373,0.0,2.927007,1,3,3,dog_bark
7383-3-0-0.wav,7383,3.9021,7.9021,1,1,3,dog_bark
7383-3-0-1.wav,7383,4.4021,8.4021,1,1,3,dog_bark
7383-3-1-0.wav,7383,11.060839,15.060839,1,1,3,dog_bark
7390-9-0-0.wav,7390,0.0,4.0,2,8,9,street_music
7390-9-0-3.wav,7390,1.5,5.5,2,8,9,street_music
7390-9-0-6.wav,7390,3.0,7.0,2,8,9,street_music
7390-9-0-9.wav,7390,4.5,8.5,2,8,9,street_music
7390-9-1-11.wav,7390,70.737963,74.737963,1,8,9,street_music
7390-9-1-12.wav,7390,71.237963,75.237963,1,8,9,street_music
7390-9-1-5.wav,7390,67.737963,71.737963,1,8,9,street_music
74226-9-0-0.wav,74226,1.705652,5.705652,1,2,9,street_music
74226-9-0-10.wav,74226,6.705652,10.705652,1,2,9,street_music
74226-9-0-13.wav,74226,8.205652,12.205652,1,2,9,street_music
74226-9-0-14.wav,74226,8.705652,12.705652,1,2,9,street_music
74226-9-0-21.wav,74226,12.205652,16.205652,1,2,9,street_music
74226-9-0-6.wav,74226,4.705652,8.705652,1,2,9,street_music
74226-9-0-7.wav,74226,5.205652,9.205652,1,2,9,street_music
74458-9-0-5.wav,74458,2.5,6.5,2,2,9,street_music
74458-9-0-7.wav,74458,3.5,7.5,2,2,9,street_music
74458-9-1-12.wav,74458,79.881658,83.881658,2,2,9,street_music
74458-9-1-13.wav,74458,80.381658,84.381658,2,2,9,street_music
74458-9-1-5.wav,74458,76.381658,80.381658,2,2,9,street_music
74458-9-2-18.wav,74458,241.438766,245.438766,2,2,9,street_music
74495-3-0-0.wav,74495,0.335018,4.335018,1,2,3,dog_bark
74495-3-0-1.wav,74495,0.835018,4.835018,1,2,3,dog_bark
74513-3-0-0.wav,74513,0.433328,4.433328,1,7,3,dog_bark
74513-3-0-3.wav,74513,1.933328,5.933328,1,7,3,dog_bark
74513-3-0-5.wav,74513,2.933328,6.933328,1,7,3,dog_bark
74513-3-0-6.wav,74513,3.433328,7.433327999999999,1,7,3,dog_bark
74723-3-0-0.wav,74723,0.398746,4.398746,1,4,3,dog_bark
74723-3-0-1.wav,74723,0.898746,4.898746,1,4,3,dog_bark
74723-3-0-2.wav,74723,1.398746,5.398746,1,4,3,dog_bark
74725-3-0-0.wav,74725,0.365119,4.365119,1,4,3,dog_bark
74725-3-0-1.wav,74725,0.865119,4.865119,1,4,3,dog_bark
74810-9-0-27.wav,74810,13.5,17.5,2,3,9,street_music
74810-9-0-32.wav,74810,16.0,20.0,2,3,9,street_music
74810-9-0-5.wav,74810,2.5,6.5,2,3,9,street_music
74810-9-1-12.wav,74810,182.981953,186.981953,2,3,9,street_music
74810-9-1-5.wav,74810,179.481953,183.481953,2,3,9,street_music
74850-9-0-11.wav,74850,5.5,9.5,2,7,9,street_music
74850-9-0-18.wav,74850,9.0,13.0,2,7,9,street_music
74850-9-0-22.wav,74850,11.0,15.0,2,7,9,street_music
74850-9-0-27.wav,74850,13.5,17.5,2,7,9,street_music
74850-9-0-5.wav,74850,2.5,6.5,2,7,9,street_music
74850-9-0-6.wav,74850,3.0,7.0,2,7,9,street_music
74922-4-0-0.wav,74922,0.0,4.0,1,10,4,drilling
74922-4-0-1.wav,74922,0.5,4.5,1,10,4,drilling
74922-4-0-2.wav,74922,1.0,5.0,1,10,4,drilling
74922-4-0-3.wav,74922,1.5,5.5,1,10,4,drilling
74922-4-0-4.wav,74922,2.0,6.0,1,10,4,drilling
74922-4-0-5.wav,74922,2.5,6.5,1,10,4,drilling
74922-4-0-6.wav,74922,3.0,7.0,1,10,4,drilling
74922-4-0-7.wav,74922,3.5,7.5,1,10,4,drilling
74950-3-0-0.wav,74950,0.333126,4.333126,1,4,3,dog_bark
74950-3-2-4.wav,74950,13.592781,17.592781000000002,1,4,3,dog_bark
74950-3-2-5.wav,74950,14.092781,18.092781,1,4,3,dog_bark
74965-4-0-0.wav,74965,3.004919,7.004919,1,7,4,drilling
74965-4-0-1.wav,74965,3.504919,7.504919,1,7,4,drilling
74965-4-0-2.wav,74965,4.004919,8.004919000000001,1,7,4,drilling
74965-4-0-3.wav,74965,4.504919,8.504919000000001,1,7,4,drilling
74965-4-1-0.wav,74965,17.950435,21.950435,1,7,4,drilling
74965-4-1-1.wav,74965,18.450435,22.450435,1,7,4,drilling
74965-4-1-2.wav,74965,18.950435,22.950435,1,7,4,drilling
76085-4-0-103.wav,76085,51.5,55.5,1,8,4,drilling
76085-4-0-14.wav,76085,7.0,11.0,1,8,4,drilling
76085-4-0-24.wav,76085,12.0,16.0,1,8,4,drilling
76085-4-0-27.wav,76085,13.5,17.5,1,8,4,drilling
76085-4-0-35.wav,76085,17.5,21.5,1,8,4,drilling
76085-4-0-37.wav,76085,18.5,22.5,1,8,4,drilling
76085-4-0-38.wav,76085,19.0,23.0,1,8,4,drilling
76085-4-0-55.wav,76085,27.5,31.5,1,8,4,drilling
76085-4-0-6.wav,76085,3.0,7.0,1,8,4,drilling
76085-4-0-61.wav,76085,30.5,34.5,1,8,4,drilling
76085-4-0-62.wav,76085,31.0,35.0,1,8,4,drilling
76085-4-0-66.wav,76085,33.0,37.0,1,8,4,drilling
76085-4-0-81.wav,76085,40.5,44.5,1,8,4,drilling
76085-4-0-89.wav,76085,44.5,48.5,1,8,4,drilling
76085-4-0-93.wav,76085,46.5,50.5,1,8,4,drilling
76085-4-0-97.wav,76085,48.5,52.5,1,8,4,drilling
76086-4-0-12.wav,76086,6.0,10.0,1,2,4,drilling
76086-4-0-14.wav,76086,7.0,11.0,1,2,4,drilling
76086-4-0-17.wav,76086,8.5,12.5,1,2,4,drilling
76086-4-0-18.wav,76086,9.0,13.0,1,2,4,drilling
76086-4-0-19.wav,76086,9.5,13.5,1,2,4,drilling
76086-4-0-2.wav,76086,1.0,5.0,1,2,4,drilling
76086-4-0-22.wav,76086,11.0,15.0,1,2,4,drilling
76086-4-0-23.wav,76086,11.5,15.5,1,2,4,drilling
76086-4-0-24.wav,76086,12.0,16.0,1,2,4,drilling
76086-4-0-27.wav,76086,13.5,17.5,1,2,4,drilling
76086-4-0-29.wav,76086,14.5,18.5,1,2,4,drilling
76086-4-0-3.wav,76086,1.5,5.5,1,2,4,drilling
76086-4-0-32.wav,76086,16.0,20.0,1,2,4,drilling
76086-4-0-36.wav,76086,18.0,22.0,1,2,4,drilling
76086-4-0-38.wav,76086,19.0,23.0,1,2,4,drilling
76086-4-0-43.wav,76086,21.5,25.5,1,2,4,drilling
76086-4-0-50.wav,76086,25.0,29.0,1,2,4,drilling
76086-4-0-53.wav,76086,26.5,30.5,1,2,4,drilling
76086-4-0-55.wav,76086,27.5,31.5,1,2,4,drilling
76086-4-0-56.wav,76086,28.0,32.0,1,2,4,drilling
76086-4-0-58.wav,76086,29.0,33.0,1,2,4,drilling
76566-3-0-11.wav,76566,11.84312,15.84312,2,5,3,dog_bark
76566-3-0-3.wav,76566,7.84312,11.84312,2,5,3,dog_bark
76566-3-0-6.wav,76566,9.34312,13.34312,2,5,3,dog_bark
76566-3-0-8.wav,76566,10.34312,14.34312,2,5,3,dog_bark
76568-9-0-10.wav,76568,150.793891,154.793891,2,4,9,street_music
76568-9-0-11.wav,76568,151.293891,155.293891,2,4,9,street_music
76568-9-0-12.wav,76568,151.793891,155.793891,2,4,9,street_music
76568-9-0-13.wav,76568,152.293891,156.293891,2,4,9,street_music
76568-9-0-14.wav,76568,152.793891,156.793891,2,4,9,street_music
76568-9-0-2.wav,76568,146.793891,150.793891,2,4,9,street_music
76585-9-0-10.wav,76585,5.0,9.0,1,4,9,street_music
76585-9-0-38.wav,76585,19.0,23.0,1,4,9,street_music
76585-9-0-5.wav,76585,2.5,6.5,1,4,9,street_music
76585-9-0-57.wav,76585,28.5,32.5,1,4,9,street_music
76585-9-0-60.wav,76585,30.0,34.0,1,4,9,street_music
76585-9-0-69.wav,76585,34.5,38.5,1,4,9,street_music
76640-3-0-0.wav,76640,0.095334,4.095334,1,9,3,dog_bark
77233-3-0-105.wav,77233,52.5,56.5,2,5,3,dog_bark
77233-3-0-67.wav,77233,33.5,37.5,2,5,3,dog_bark
77233-3-0-7.wav,77233,3.5,7.5,2,5,3,dog_bark
77233-3-0-79.wav,77233,39.5,43.5,2,5,3,dog_bark
77674-3-0-0.wav,77674,0.130222,4.130222,1,7,3,dog_bark
77751-4-0-0.wav,77751,0.39967,4.39967,1,2,4,drilling
77751-4-0-1.wav,77751,0.89967,4.89967,1,2,4,drilling
77751-4-1-0.wav,77751,7.339391,11.339391,1,2,4,drilling
77751-4-1-1.wav,77751,7.839391,11.839391,1,2,4,drilling
77751-4-2-0.wav,77751,15.914124,19.729154,1,2,4,drilling
77751-4-3-0.wav,77751,22.563176,26.563176,1,2,4,drilling
77751-4-4-0.wav,77751,28.013219,32.013219,1,2,4,drilling
77751-4-5-0.wav,77751,34.407935,38.295632,1,2,4,drilling
77751-4-6-0.wav,77751,40.475649,44.109011,1,2,4,drilling
77751-4-7-0.wav,77751,46.034693,47.233702,1,2,4,drilling
77751-4-8-0.wav,77751,48.687047,52.02974,1,2,4,drilling
77751-4-9-0.wav,77751,52.829079,56.829079,1,2,4,drilling
77751-4-9-1.wav,77751,53.329079,57.329079,1,2,4,drilling
77751-4-9-2.wav,77751,53.829079,57.829079,1,2,4,drilling
77751-4-9-3.wav,77751,54.329079,58.329079,1,2,4,drilling
77766-9-0-0.wav,77766,0.0,4.0,1,1,9,street_music
77766-9-0-3.wav,77766,1.5,5.5,1,1,9,street_music
77766-9-0-4.wav,77766,2.0,6.0,1,1,9,street_music
77766-9-0-5.wav,77766,2.5,6.5,1,1,9,street_music
77766-9-0-6.wav,77766,3.0,7.0,1,1,9,street_music
77766-9-0-7.wav,77766,3.5,7.5,1,1,9,street_music
77769-9-0-0.wav,77769,0.0,4.0,2,3,9,street_music
77769-9-0-12.wav,77769,6.0,10.0,2,3,9,street_music
77769-9-0-17.wav,77769,8.5,12.5,2,3,9,street_music
77769-9-0-2.wav,77769,1.0,5.0,2,3,9,street_music
77769-9-0-4.wav,77769,2.0,6.0,2,3,9,street_music
77769-9-0-8.wav,77769,4.0,8.0,2,3,9,street_music
77770-9-0-1.wav,77770,0.5,4.5,2,7,9,street_music
77770-9-0-15.wav,77770,7.5,11.5,2,7,9,street_music
77770-9-0-17.wav,77770,8.5,12.5,2,7,9,street_music
77770-9-0-20.wav,77770,10.0,14.0,2,7,9,street_music
77770-9-0-6.wav,77770,3.0,7.0,2,7,9,street_music
77770-9-0-8.wav,77770,4.0,8.0,2,7,9,street_music
77770-9-0-9.wav,77770,4.5,8.5,2,7,9,street_music
77774-4-0-0.wav,77774,0.0,4.0,1,5,4,drilling
77774-4-0-1.wav,77774,0.5,4.5,1,5,4,drilling
77774-4-0-2.wav,77774,1.0,5.0,1,5,4,drilling
77774-4-0-3.wav,77774,1.5,5.5,1,5,4,drilling
77774-4-1-0.wav,77774,10.734565,14.734565,1,5,4,drilling
77774-4-1-1.wav,77774,11.234565,15.234565,1,5,4,drilling
77901-9-0-0.wav,77901,0.0,4.0,1,10,9,street_music
77901-9-0-1.wav,77901,0.5,4.5,1,10,9,street_music
77901-9-0-2.wav,77901,1.0,5.0,1,10,9,street_music
77901-9-0-3.wav,77901,1.5,5.5,1,10,9,street_music
77901-9-0-4.wav,77901,2.0,6.0,1,10,9,street_music
77901-9-0-6.wav,77901,3.0,7.0,1,10,9,street_music
77901-9-0-7.wav,77901,3.5,7.5,1,10,9,street_music
77927-3-0-0.wav,77927,29.236982,33.236982,2,10,3,dog_bark
77927-3-0-1.wav,77927,29.736982,33.736982,2,10,3,dog_bark
77927-3-0-2.wav,77927,30.236982,34.236982,2,10,3,dog_bark
77927-3-1-1.wav,77927,54.166984,58.166984,2,10,3,dog_bark
78326-9-0-0.wav,78326,0.0,4.0,2,3,9,street_music
78326-9-0-1.wav,78326,0.5,4.5,2,3,9,street_music
78326-9-0-3.wav,78326,1.5,5.5,2,3,9,street_music
78326-9-0-5.wav,78326,2.5,6.5,2,3,9,street_music
78326-9-0-6.wav,78326,3.0,7.0,2,3,9,street_music
78326-9-0-7.wav,78326,3.5,7.5,2,3,9,street_music
78360-4-0-0.wav,78360,0.0,4.0,1,1,4,drilling
78360-4-0-1.wav,78360,0.5,4.5,1,1,4,drilling
78360-4-0-11.wav,78360,5.5,9.5,1,1,4,drilling
78360-4-0-12.wav,78360,6.0,10.0,1,1,4,drilling
78360-4-0-14.wav,78360,7.0,11.0,1,1,4,drilling
78360-4-0-15.wav,78360,7.5,11.5,1,1,4,drilling
78360-4-0-16.wav,78360,8.0,12.0,1,1,4,drilling
78360-4-0-17.wav,78360,8.5,12.5,1,1,4,drilling
78360-4-0-18.wav,78360,9.0,13.0,1,1,4,drilling
78360-4-0-19.wav,78360,9.5,13.5,1,1,4,drilling
78360-4-0-2.wav,78360,1.0,5.0,1,1,4,drilling
78360-4-0-20.wav,78360,10.0,14.0,1,1,4,drilling
78360-4-0-21.wav,78360,10.5,14.5,1,1,4,drilling
78360-4-0-22.wav,78360,11.0,15.0,1,1,4,drilling
78360-4-0-23.wav,78360,11.5,15.5,1,1,4,drilling
78360-4-0-3.wav,78360,1.5,5.5,1,1,4,drilling
78360-4-0-4.wav,78360,2.0,6.0,1,1,4,drilling
78360-4-0-5.wav,78360,2.5,6.5,1,1,4,drilling
78360-4-0-6.wav,78360,3.0,7.0,1,1,4,drilling
78360-4-0-7.wav,78360,3.5,7.5,1,1,4,drilling
78360-4-0-8.wav,78360,4.0,8.0,1,1,4,drilling
78360-4-0-9.wav,78360,4.5,8.5,1,1,4,drilling
7913-3-0-0.wav,7913,0.273776,1.271101,1,10,3,dog_bark
7913-3-1-0.wav,7913,2.359684,3.115826,1,10,3,dog_bark
7913-3-2-0.wav,7913,5.540695,6.32943,1,10,3,dog_bark
7913-3-3-0.wav,7913,7.00735,7.704826,1,10,3,dog_bark
79377-9-0-10.wav,79377,5.0,9.0,2,2,9,street_music
79377-9-0-12.wav,79377,6.0,10.0,2,2,9,street_music
79377-9-0-13.wav,79377,6.5,10.5,2,2,9,street_music
79377-9-0-2.wav,79377,1.0,5.0,2,2,9,street_music
79377-9-0-4.wav,79377,2.0,6.0,2,2,9,street_music
79377-9-0-8.wav,79377,4.0,8.0,2,2,9,street_music
79584-3-0-4.wav,79584,2.380235,6.380235,1,9,3,dog_bark
79584-3-0-5.wav,79584,2.880235,6.880235,1,9,3,dog_bark
79584-3-0-8.wav,79584,4.380235,8.380234999999999,1,9,3,dog_bark
79584-3-1-2.wav,79584,38.833412,42.833412,1,9,3,dog_bark
7965-3-11-0.wav,7965,95.717477,97.067061,1,10,3,dog_bark
7965-3-16-0.wav,7965,108.954389,110.833354,2,10,3,dog_bark
7965-3-22-0.wav,7965,172.244126,175.170082,2,10,3,dog_bark
7965-3-3-0.wav,7965,44.110933,45.299666,2,10,3,dog_bark
7975-3-0-0.wav,7975,173.049526,177.049526,2,9,3,dog_bark
81117-4-0-0.wav,81117,0.70594,4.70594,1,9,4,drilling
81117-4-0-1.wav,81117,1.20594,5.20594,1,9,4,drilling
81117-4-0-2.wav,81117,1.70594,5.70594,1,9,4,drilling
81117-4-0-3.wav,81117,2.20594,6.20594,1,9,4,drilling
81117-4-0-4.wav,81117,2.70594,6.70594,1,9,4,drilling
81117-4-0-5.wav,81117,3.20594,7.20594,1,9,4,drilling
81722-3-0-21.wav,81722,10.5,14.5,2,9,3,dog_bark
81722-3-0-22.wav,81722,11.0,15.0,2,9,3,dog_bark
81722-3-0-26.wav,81722,13.0,17.0,2,9,3,dog_bark
81722-3-0-28.wav,81722,14.0,18.0,2,9,3,dog_bark
81791-3-0-0.wav,81791,44.484434,48.484434,2,10,3,dog_bark
81791-3-0-1.wav,81791,44.984434,48.984434,2,10,3,dog_bark
81791-3-1-0.wav,81791,55.805323,57.137192,2,10,3,dog_bark
81799-3-0-0.wav,81799,29.935495,33.935495,2,7,3,dog_bark
81799-3-0-1.wav,81799,30.435495,34.435495,2,7,3,dog_bark
81799-3-1-0.wav,81799,40.598534,44.598534,2,7,3,dog_bark
81799-3-1-2.wav,81799,41.598534,45.598534,2,7,3,dog_bark
82024-3-0-4.wav,82024,24.651009,28.651009,2,7,3,dog_bark
82024-3-0-5.wav,82024,25.151009,29.151009,2,7,3,dog_bark
82024-3-0-6.wav,82024,25.651009,29.651009,2,7,3,dog_bark
82024-3-0-8.wav,82024,26.651009,30.651009,2,7,3,dog_bark
82811-3-0-1.wav,82811,1.718396,5.718396,1,3,3,dog_bark
82811-3-0-2.wav,82811,2.2183960000000003,6.218396,1,3,3,dog_bark
82811-3-3-0.wav,82811,39.617524,42.093619,1,3,3,dog_bark
82811-3-4-0.wav,82811,44.333896,48.333896,1,3,3,dog_bark
83191-9-0-0.wav,83191,0.0,4.0,2,10,9,street_music
83191-9-0-11.wav,83191,5.5,9.5,2,10,9,street_music
83191-9-0-13.wav,83191,6.5,10.5,2,10,9,street_music
83191-9-0-17.wav,83191,8.5,12.5,2,10,9,street_music
83191-9-0-4.wav,83191,2.0,6.0,2,10,9,street_music
83191-9-0-6.wav,83191,3.0,7.0,2,10,9,street_music
83195-9-0-11.wav,83195,5.5,9.5,2,10,9,street_music
83195-9-0-14.wav,83195,7.0,11.0,2,10,9,street_music
83195-9-0-2.wav,83195,1.0,5.0,2,10,9,street_music
83195-9-0-3.wav,83195,1.5,5.5,2,10,9,street_music
83195-9-0-6.wav,83195,3.0,7.0,2,10,9,street_music
83195-9-0-7.wav,83195,3.5,7.5,2,10,9,street_music
83196-9-0-10.wav,83196,5.0,9.0,1,5,9,street_music
83196-9-0-13.wav,83196,6.5,10.5,1,5,9,street_music
83196-9-0-14.wav,83196,7.0,11.0,1,5,9,street_music
83196-9-0-15.wav,83196,7.5,11.5,1,5,9,street_music
83196-9-0-3.wav,83196,1.5,5.5,1,5,9,street_music
83196-9-0-9.wav,83196,4.5,8.5,1,5,9,street_music
83199-9-0-0.wav,83199,13.08659,17.08659,2,1,9,street_music
84249-9-0-10.wav,84249,5.0,9.0,2,10,9,street_music
84249-9-0-11.wav,84249,5.5,9.5,2,10,9,street_music
84249-9-0-3.wav,84249,1.5,5.5,2,10,9,street_music
84249-9-0-6.wav,84249,3.0,7.0,2,10,9,street_music
84249-9-0-7.wav,84249,3.5,7.5,2,10,9,street_music
84249-9-0-8.wav,84249,4.0,8.0,2,10,9,street_music
84317-3-0-0.wav,84317,0.0,2.5,1,4,3,dog_bark
84699-4-0-0.wav,84699,3.197124,4.445706,1,5,4,drilling
84699-4-1-0.wav,84699,14.264094,15.720772,1,5,4,drilling
84699-4-2-0.wav,84699,16.345062,18.634128,1,5,4,drilling
84699-4-3-0.wav,84699,19.485433,21.547484,1,5,4,drilling
84699-4-4-0.wav,84699,23.193341,24.498676,1,5,4,drilling
84699-4-5-0.wav,84699,27.828226,29.360575,1,5,4,drilling
84699-4-6-0.wav,84699,29.682179,31.38479,1,5,4,drilling
85362-3-0-0.wav,85362,0.380052,2.660361,1,7,3,dog_bark
85362-3-1-0.wav,85362,4.27558,8.27558,1,7,3,dog_bark
85362-3-2-0.wav,85362,10.057793,11.035068,1,7,3,dog_bark
85362-3-3-0.wav,85362,12.148076,16.148076,1,7,3,dog_bark
85544-3-5-0.wav,85544,16.502772,17.868519,1,4,3,dog_bark
85544-3-6-0.wav,85544,20.230123,24.230123,1,4,3,dog_bark
85544-3-7-0.wav,85544,29.3351,31.241455,1,4,3,dog_bark
85574-3-0-0.wav,85574,0.0,4.0,2,10,3,dog_bark
85574-3-0-12.wav,85574,6.0,10.0,2,10,3,dog_bark
85574-3-0-2.wav,85574,1.0,5.0,2,10,3,dog_bark
85574-3-0-8.wav,85574,4.0,8.0,2,10,3,dog_bark
85661-3-0-0.wav,85661,0.0,1.149388,1,9,3,dog_bark
85662-3-0-0.wav,85662,0.0,1.227755,1,7,3,dog_bark
85663-3-0-0.wav,85663,0.0,2.089796,1,5,3,dog_bark
85664-3-0-0.wav,85664,0.0,0.653061,1,9,3,dog_bark
85665-3-0-0.wav,85665,0.0,1.358367,1,10,3,dog_bark
86279-3-0-0.wav,86279,0.601813,4.083229,1,1,3,dog_bark
86284-3-0-0.wav,86284,17.911702,21.911702,2,5,3,dog_bark
86284-3-1-0.wav,86284,25.548308,27.350204,2,5,3,dog_bark
89099-4-0-0.wav,89099,0.421872,4.4218720000000005,1,7,4,drilling
89099-4-0-1.wav,89099,0.921872,4.9218720000000005,1,7,4,drilling
89099-4-0-2.wav,89099,1.421872,5.4218720000000005,1,7,4,drilling
89207-3-0-0.wav,89207,0.028387,0.389303,1,8,3,dog_bark
89209-3-0-0.wav,89209,0.0,2.063492,1,7,3,dog_bark
89210-3-0-0.wav,89210,0.056222,2.144197,1,7,3,dog_bark
89211-3-0-0.wav,89211,0.0,1.892105,1,2,3,dog_bark
89212-3-0-0.wav,89212,0.0,1.324626,1,1,3,dog_bark
89213-3-0-0.wav,89213,0.0,1.612336,1,5,3,dog_bark
89442-9-0-14.wav,89442,7.0,11.0,1,6,9,street_music
89442-9-0-17.wav,89442,8.5,12.5,1,6,9,street_music
89442-9-0-34.wav,89442,17.0,21.0,1,6,9,street_music
89442-9-0-5.wav,89442,2.5,6.5,1,6,9,street_music
89442-9-0-6.wav,89442,3.0,7.0,1,6,9,street_music
89442-9-0-7.wav,89442,3.5,7.5,1,6,9,street_music
89443-9-0-1.wav,89443,0.5,4.5,1,7,9,street_music
89443-9-0-16.wav,89443,8.0,12.0,1,7,9,street_music
89443-9-0-17.wav,89443,8.5,12.5,1,7,9,street_music
89443-9-0-2.wav,89443,1.0,5.0,1,7,9,street_music
89443-9-0-48.wav,89443,24.0,28.0,1,7,9,street_music
89443-9-0-50.wav,89443,25.0,29.0,1,7,9,street_music
9031-3-1-0.wav,9031,5.55171,5.967569,1,1,3,dog_bark
9031-3-2-0.wav,9031,6.7577,9.055317,1,1,3,dog_bark
9031-3-3-0.wav,9031,9.855845,11.581657,1,1,3,dog_bark
9031-3-4-0.wav,9031,12.423771,13.317866,1,1,3,dog_bark
9032-3-0-0.wav,9032,0.0,0.350864,1,6,3,dog_bark
9032-3-1-0.wav,9032,0.781671,1.403455,1,6,3,dog_bark
9032-3-2-0.wav,9032,1.798732,2.726967,1,6,3,dog_bark
93065-9-0-12.wav,93065,6.0,10.0,2,3,9,street_music
93065-9-0-14.wav,93065,7.0,11.0,2,3,9,street_music
93065-9-0-17.wav,93065,8.5,12.5,2,3,9,street_music
93065-9-0-2.wav,93065,1.0,5.0,2,3,9,street_music
93065-9-0-4.wav,93065,2.0,6.0,2,3,9,street_music
93065-9-0-7.wav,93065,3.5,7.5,2,3,9,street_music
93193-9-0-4.wav,93193,2.913165,6.913165,2,2,9,street_music
93193-9-1-11.wav,93193,165.075575,169.075575,2,2,9,street_music
93193-9-1-18.wav,93193,168.575575,172.575575,2,2,9,street_music
93193-9-1-19.wav,93193,169.075575,173.075575,2,2,9,street_music
93193-9-1-22.wav,93193,170.575575,174.575575,2,2,9,street_music
93193-9-1-6.wav,93193,162.575575,166.575575,2,2,9,street_music
94182-9-0-0.wav,94182,0.0,4.0,1,9,9,street_music
94182-9-0-10.wav,94182,5.0,9.0,1,9,9,street_music
94182-9-0-16.wav,94182,8.0,12.0,1,9,9,street_music
94182-9-0-20.wav,94182,10.0,14.0,1,9,9,street_music
94182-9-0-23.wav,94182,11.5,15.5,1,9,9,street_music
94182-9-0-25.wav,94182,12.5,16.5,1,9,9,street_music
94182-9-0-9.wav,94182,4.5,8.5,1,9,9,street_music
94631-9-0-12.wav,94631,6.0,10.0,1,3,9,street_music
94631-9-0-16.wav,94631,8.0,12.0,1,3,9,street_music
94631-9-1-16.wav,94631,109.755803,113.755803,1,3,9,street_music
94631-9-1-2.wav,94631,102.755803,106.755803,1,3,9,street_music
94631-9-1-25.wav,94631,114.255803,118.255803,1,3,9,street_music
94631-9-1-3.wav,94631,103.255803,107.255803,1,3,9,street_music
95404-3-0-0.wav,95404,35.401208,39.401208,2,4,3,dog_bark
95404-3-0-1.wav,95404,35.901208,39.901208,2,4,3,dog_bark
95404-3-0-4.wav,95404,37.401208,41.401208,2,4,3,dog_bark
95404-3-0-5.wav,95404,37.901208,41.901208,2,4,3,dog_bark
95532-3-0-0.wav,95532,2.56279,6.56279,1,6,3,dog_bark
95536-3-0-1.wav,95536,0.5,4.5,2,6,3,dog_bark
95536-3-0-2.wav,95536,1.0,5.0,2,6,3,dog_bark
95536-3-0-4.wav,95536,2.0,6.0,2,6,3,dog_bark
95536-3-0-5.wav,95536,2.5,6.5,2,6,3,dog_bark
95549-3-0-14.wav,95549,18.181689,22.181689,2,8,3,dog_bark
95549-3-0-20.wav,95549,21.181689,25.181689,2,8,3,dog_bark
95549-3-0-6.wav,95549,14.181689,18.181689,2,8,3,dog_bark
95549-3-0-7.wav,95549,14.681689,18.681689,2,8,3,dog_bark
95562-4-0-0.wav,95562,0.0,1.527946,1,3,4,drilling
95562-4-1-0.wav,95562,1.652092,4.402395,1,3,4,drilling
95562-4-2-0.wav,95562,4.679335,8.679335,1,3,4,drilling
95562-4-3-0.wav,95562,8.795241,12.795241,1,3,4,drilling
95562-4-3-1.wav,95562,9.295241,13.295241,1,3,4,drilling
96158-4-0-0.wav,96158,0.0,1.092817,1,1,4,drilling
96159-4-0-0.wav,96159,0.751209,4.033599,1,8,4,drilling
96159-4-1-0.wav,96159,4.534405,5.107616,1,8,4,drilling
96169-9-1-10.wav,96169,56.457537,60.457537,1,2,9,street_music
96169-9-1-3.wav,96169,52.957537,56.957537,1,2,9,street_music
96169-9-1-49.wav,96169,75.957537,79.957537,1,2,9,street_music
96169-9-1-55.wav,96169,78.957537,82.957537,1,2,9,street_music
96169-9-1-61.wav,96169,81.957537,85.957537,1,2,9,street_music
96169-9-1-74.wav,96169,88.457537,92.457537,1,2,9,street_music
96475-9-0-0.wav,96475,0.0,4.0,1,2,9,street_music
96475-9-0-3.wav,96475,1.5,5.5,1,2,9,street_music
96475-9-0-4.wav,96475,2.0,6.0,1,2,9,street_music
96475-9-0-5.wav,96475,2.5,6.5,1,2,9,street_music
96475-9-0-6.wav,96475,3.0,7.0,1,2,9,street_music
96475-9-0-9.wav,96475,4.5,8.5,1,2,9,street_music
96920-9-0-0.wav,96920,0.0,4.0,1,2,9,street_music
96920-9-0-11.wav,96920,5.5,9.5,1,2,9,street_music
96920-9-0-13.wav,96920,6.5,10.5,1,2,9,street_music
96920-9-0-2.wav,96920,1.0,5.0,1,2,9,street_music
96920-9-0-3.wav,96920,1.5,5.5,1,2,9,street_music
96920-9-0-8.wav,96920,4.0,8.0,1,2,9,street_music
96921-9-0-1.wav,96921,0.5,4.5,1,9,9,street_music
96921-9-0-11.wav,96921,5.5,9.5,1,9,9,street_music
96921-9-0-17.wav,96921,8.5,12.5,1,9,9,street_music
96921-9-0-18.wav,96921,9.0,13.0,1,9,9,street_music
96921-9-0-4.wav,96921,2.0,6.0,1,9,9,street_music
96921-9-0-9.wav,96921,4.5,8.5,1,9,9,street_music
97193-3-0-0.wav,97193,0.0,4.0,1,2,3,dog_bark
97193-3-0-1.wav,97193,0.5,4.5,1,2,3,dog_bark
97193-3-0-4.wav,97193,2.0,6.0,1,2,3,dog_bark
97193-3-0-6.wav,97193,3.0,7.0,1,2,3,dog_bark
97392-3-0-0.wav,97392,0.0,2.773946,1,6,3,dog_bark
97756-3-0-0.wav,97756,0.141727,1.290466,1,10,3,dog_bark
98202-9-0-10.wav,98202,5.0,9.0,1,2,9,street_music
98202-9-0-4.wav,98202,2.0,6.0,1,2,9,street_music
98202-9-0-7.wav,98202,3.5,7.5,1,2,9,street_music
98202-9-1-20.wav,98202,41.212374,45.212374,1,2,9,street_music
98202-9-1-27.wav,98202,44.712374,48.712374,1,2,9,street_music
98202-9-1-5.wav,98202,33.712374,37.712374,1,2,9,street_music
98263-9-0-1.wav,98263,0.5,4.5,1,6,9,street_music
98263-9-0-10.wav,98263,5.0,9.0,1,6,9,street_music
98263-9-0-22.wav,98263,11.0,15.0,1,6,9,street_music
98263-9-0-24.wav,98263,12.0,16.0,1,6,9,street_music
98263-9-0-33.wav,98263,16.5,20.5,1,6,9,street_music
98263-9-0-35.wav,98263,17.5,21.5,1,6,9,street_music
98680-9-0-11.wav,98680,5.5,9.5,2,6,9,street_music
98680-9-0-14.wav,98680,7.0,11.0,2,6,9,street_music
98680-9-0-2.wav,98680,1.0,5.0,2,6,9,street_music
98680-9-0-3.wav,98680,1.5,5.5,2,6,9,street_music
98680-9-0-5.wav,98680,2.5,6.5,2,6,9,street_music
98681-9-0-0.wav,98681,0.0,4.0,2,3,9,street_music
98681-9-0-11.wav,98681,5.5,9.5,2,3,9,street_music
98681-9-0-12.wav,98681,6.0,10.0,2,3,9,street_music
98681-9-0-5.wav,98681,2.5,6.5,2,3,9,street_music
98681-9-0-6.wav,98681,3.0,7.0,2,3,9,street_music
98681-9-0-7.wav,98681,3.5,7.5,2,3,9,street_music
99157-9-0-10.wav,99157,9.928661,13.928661,2,4,9,street_music
99157-9-0-15.wav,99157,12.428661,16.428660999999998,2,4,9,street_music
99157-9-0-16.wav,99157,12.928661,16.928660999999998,2,4,9,street_music
99157-9-0-22.wav,99157,15.928661,19.928661,2,4,9,street_music
99157-9-0-24.wav,99157,16.928660999999998,20.928661,2,4,9,street_music
99157-9-0-31.wav,99157,20.428661,24.428661,2,4,9,street_music
99179-9-0-12.wav,99179,6.0,10.0,1,8,9,street_music
99179-9-0-17.wav,99179,8.5,12.5,1,8,9,street_music
99179-9-0-19.wav,99179,9.5,13.5,1,8,9,street_music
99179-9-0-38.wav,99179,19.0,23.0,1,8,9,street_music
99179-9-0-53.wav,99179,26.5,30.5,1,8,9,street_music
99179-9-0-58.wav,99179,29.0,33.0,1,8,9,street_music
99180-9-0-0.wav,99180,0.0,4.0,1,1,9,street_music
99180-9-0-2.wav,99180,1.0,5.0,1,1,9,street_music
99180-9-0-36.wav,99180,18.0,22.0,1,1,9,street_music
99180-9-0-48.wav,99180,24.0,28.0,1,1,9,street_music
99180-9-0-49.wav,99180,24.5,28.5,1,1,9,street_music
99180-9-0-7.wav,99180,3.5,7.5,1,1,9,street_music
99185-3-0-0.wav,99185,0.341411,0.950911,1,5,3,dog_bark
99192-4-0-0.wav,99192,0.0,4.0,1,10,4,drilling
99192-4-0-1.wav,99192,0.5,4.5,1,10,4,drilling
99192-4-0-12.wav,99192,6.0,10.0,1,10,4,drilling
99192-4-0-15.wav,99192,7.5,11.5,1,10,4,drilling
99192-4-0-17.wav,99192,8.5,12.5,1,10,4,drilling
99192-4-0-18.wav,99192,9.0,13.0,1,10,4,drilling
99192-4-0-20.wav,99192,10.0,14.0,1,10,4,drilling
99192-4-0-24.wav,99192,12.0,16.0,1,10,4,drilling
99192-4-0-26.wav,99192,13.0,17.0,1,10,4,drilling
99192-4-0-27.wav,99192,13.5,17.5,1,10,4,drilling
99192-4-0-28.wav,99192,14.0,18.0,1,10,4,drilling
99192-4-0-3.wav,99192,1.5,5.5,1,10,4,drilling
99192-4-0-30.wav,99192,15.0,19.0,1,10,4,drilling
99192-4-0-32.wav,99192,16.0,20.0,1,10,4,drilling
99192-4-0-33.wav,99192,16.5,20.5,1,10,4,drilling
99192-4-0-38.wav,99192,19.0,23.0,1,10,4,drilling
99192-4-0-40.wav,99192,20.0,24.0,1,10,4,drilling
99192-4-0-41.wav,99192,20.5,24.5,1,10,4,drilling
99192-4-0-43.wav,99192,21.5,25.5,1,10,4,drilling
99192-4-0-47.wav,99192,23.5,27.5,1,10,4,drilling
99192-4-0-48.wav,99192,24.0,28.0,1,10,4,drilling
99192-4-0-49.wav,99192,24.5,28.5,1,10,4,drilling
99192-4-0-52.wav,99192,26.0,30.0,1,10,4,drilling
99192-4-0-53.wav,99192,26.5,30.5,1,10,4,drilling
99192-4-0-54.wav,99192,27.0,31.0,1,10,4,drilling
99192-4-0-55.wav,99192,27.5,31.5,1,10,4,drilling
99192-4-0-7.wav,99192,3.5,7.5,1,10,4,drilling
99710-9-0-11.wav,99710,5.5,9.5,1,6,9,street_music
99710-9-0-12.wav,99710,6.0,10.0,1,6,9,street_music
99710-9-0-16.wav,99710,8.0,12.0,1,6,9,street_music
99710-9-0-2.wav,99710,1.0,5.0,1,6,9,street_music
99710-9-0-5.wav,99710,2.5,6.5,1,6,9,street_music
99710-9-0-6.wav,99710,3.0,7.0,1,6,9,street_music
